ISO-10303-21;
HEADER;
/* Generated by software containing ST-Developer
 * from STEP Tools, Inc. (www.steptools.com) 
 */
/* OPTION: using custom renumber hook */

FILE_DESCRIPTION(
/* description */ ('STEP AP242',
'CAx-IF Rec.Pracs.---Representation and Presentation of Product Manufa
cturing Information (PMI)---4.0---2014-10-13',
'CAx-IF Rec.Pracs.---3D Tessellated Geometry---0.4---2014-09-14','2;1'),

/* implementation_level */ '2;1');

FILE_NAME(
/* name */ '670cc579bce6f9157f81b4bf',
/* time_stamp */ '2024-10-14T07:17:15Z',
/* author */ (''),
/* organization */ (''),
/* preprocessor_version */ 'ST-DEVELOPER v20',
/* originating_system */ '  ',
/* authorisation */ '  ');

FILE_SCHEMA (('AP242_MANAGED_MODEL_BASED_3D_ENGINEERING_MIM_LF { 1 0 10303 442 1 1 4 }'));
ENDSEC;

DATA;
#10=SHAPE_REPRESENTATION_RELATIONSHIP('','',#2599,#13);
#11=SHAPE_REPRESENTATION_RELATIONSHIP('','',#2600,#14);
#12=SHAPE_REPRESENTATION_RELATIONSHIP('','',#2601,#15);
#13=ADVANCED_BREP_SHAPE_REPRESENTATION('',(#2593),#4145);
#14=ADVANCED_BREP_SHAPE_REPRESENTATION('',(#2594),#4146);
#15=ADVANCED_BREP_SHAPE_REPRESENTATION('',(#2595),#4147);
#16=CIRCLE('',#2607,0.00145);
#17=CIRCLE('',#2608,0.00145);
#18=CIRCLE('',#2610,0.00145);
#19=CIRCLE('',#2611,0.00145);
#20=CIRCLE('',#2613,0.00145);
#21=CIRCLE('',#2614,0.00145);
#22=CIRCLE('',#2617,0.00145);
#23=CIRCLE('',#2618,0.00145);
#24=CIRCLE('',#2620,0.005);
#25=CIRCLE('',#2621,0.005);
#26=CIRCLE('',#2622,0.005);
#27=CIRCLE('',#2623,0.005);
#28=CIRCLE('',#2625,0.005);
#29=CIRCLE('',#2626,0.005);
#30=CIRCLE('',#2627,0.005);
#31=CIRCLE('',#2628,0.005);
#32=CIRCLE('',#2677,0.00145);
#33=CIRCLE('',#2678,0.00145);
#34=CIRCLE('',#2680,0.00145);
#35=CIRCLE('',#2681,0.00145);
#36=CIRCLE('',#2683,0.00145);
#37=CIRCLE('',#2684,0.00145);
#38=CIRCLE('',#2686,0.00145);
#39=CIRCLE('',#2687,0.00145);
#40=CIRCLE('',#2690,0.00284);
#41=CIRCLE('',#2691,0.00284);
#42=CIRCLE('',#2692,0.00284);
#43=CIRCLE('',#2693,0.00284);
#44=CIRCLE('',#2694,0.005);
#45=CIRCLE('',#2695,0.005);
#46=CIRCLE('',#2696,0.005);
#47=CIRCLE('',#2697,0.005);
#48=CIRCLE('',#2702,0.005);
#49=CIRCLE('',#2703,0.005);
#50=CIRCLE('',#2704,0.005);
#51=CIRCLE('',#2705,0.005);
#52=CIRCLE('',#2708,0.00284);
#53=CIRCLE('',#2711,0.00284);
#54=CIRCLE('',#2714,0.00284);
#55=CIRCLE('',#2717,0.00284);
#56=CIRCLE('',#2768,0.005);
#57=CIRCLE('',#2769,0.005);
#58=CIRCLE('',#2770,0.005);
#59=CIRCLE('',#2771,0.005);
#60=CIRCLE('',#2773,0.005);
#61=CIRCLE('',#2774,0.005);
#62=CIRCLE('',#2775,0.005);
#63=CIRCLE('',#2776,0.005);
#64=CYLINDRICAL_SURFACE('',#2606,0.00145);
#65=CYLINDRICAL_SURFACE('',#2609,0.00145);
#66=CYLINDRICAL_SURFACE('',#2612,0.00145);
#67=CYLINDRICAL_SURFACE('',#2616,0.00145);
#68=CYLINDRICAL_SURFACE('',#2667,0.005);
#69=CYLINDRICAL_SURFACE('',#2668,0.005);
#70=CYLINDRICAL_SURFACE('',#2669,0.005);
#71=CYLINDRICAL_SURFACE('',#2670,0.005);
#72=CYLINDRICAL_SURFACE('',#2676,0.00145);
#73=CYLINDRICAL_SURFACE('',#2679,0.00145);
#74=CYLINDRICAL_SURFACE('',#2682,0.00145);
#75=CYLINDRICAL_SURFACE('',#2685,0.00145);
#76=CYLINDRICAL_SURFACE('',#2707,0.00284);
#77=CYLINDRICAL_SURFACE('',#2710,0.00284);
#78=CYLINDRICAL_SURFACE('',#2713,0.00284);
#79=CYLINDRICAL_SURFACE('',#2716,0.00284);
#80=CYLINDRICAL_SURFACE('',#2719,0.005);
#81=CYLINDRICAL_SURFACE('',#2720,0.005);
#82=CYLINDRICAL_SURFACE('',#2721,0.005);
#83=CYLINDRICAL_SURFACE('',#2722,0.005);
#84=CYLINDRICAL_SURFACE('',#2777,0.005);
#85=CYLINDRICAL_SURFACE('',#2778,0.005);
#86=CYLINDRICAL_SURFACE('',#2779,0.005);
#87=CYLINDRICAL_SURFACE('',#2780,0.005);
#88=ORIENTED_EDGE('',*,*,#772,.T.);
#89=ORIENTED_EDGE('',*,*,#773,.T.);
#90=ORIENTED_EDGE('',*,*,#774,.F.);
#91=ORIENTED_EDGE('',*,*,#775,.T.);
#92=ORIENTED_EDGE('',*,*,#776,.T.);
#93=ORIENTED_EDGE('',*,*,#777,.T.);
#94=ORIENTED_EDGE('',*,*,#778,.F.);
#95=ORIENTED_EDGE('',*,*,#779,.T.);
#96=ORIENTED_EDGE('',*,*,#780,.F.);
#97=ORIENTED_EDGE('',*,*,#781,.T.);
#98=ORIENTED_EDGE('',*,*,#782,.T.);
#99=ORIENTED_EDGE('',*,*,#783,.T.);
#100=ORIENTED_EDGE('',*,*,#784,.T.);
#101=ORIENTED_EDGE('',*,*,#785,.F.);
#102=ORIENTED_EDGE('',*,*,#786,.T.);
#103=ORIENTED_EDGE('',*,*,#787,.F.);
#104=ORIENTED_EDGE('',*,*,#788,.T.);
#105=ORIENTED_EDGE('',*,*,#789,.F.);
#106=ORIENTED_EDGE('',*,*,#790,.F.);
#107=ORIENTED_EDGE('',*,*,#791,.T.);
#108=ORIENTED_EDGE('',*,*,#792,.T.);
#109=ORIENTED_EDGE('',*,*,#793,.T.);
#110=ORIENTED_EDGE('',*,*,#794,.T.);
#111=ORIENTED_EDGE('',*,*,#795,.F.);
#112=ORIENTED_EDGE('',*,*,#796,.F.);
#113=ORIENTED_EDGE('',*,*,#797,.F.);
#114=ORIENTED_EDGE('',*,*,#798,.F.);
#115=ORIENTED_EDGE('',*,*,#799,.F.);
#116=ORIENTED_EDGE('',*,*,#800,.F.);
#117=ORIENTED_EDGE('',*,*,#801,.T.);
#118=ORIENTED_EDGE('',*,*,#802,.T.);
#119=ORIENTED_EDGE('',*,*,#803,.T.);
#120=ORIENTED_EDGE('',*,*,#804,.F.);
#121=ORIENTED_EDGE('',*,*,#805,.F.);
#122=ORIENTED_EDGE('',*,*,#806,.F.);
#123=ORIENTED_EDGE('',*,*,#807,.F.);
#124=ORIENTED_EDGE('',*,*,#808,.F.);
#125=ORIENTED_EDGE('',*,*,#809,.T.);
#126=ORIENTED_EDGE('',*,*,#810,.F.);
#127=ORIENTED_EDGE('',*,*,#811,.F.);
#128=ORIENTED_EDGE('',*,*,#812,.F.);
#129=ORIENTED_EDGE('',*,*,#813,.F.);
#130=ORIENTED_EDGE('',*,*,#814,.F.);
#131=ORIENTED_EDGE('',*,*,#815,.F.);
#132=ORIENTED_EDGE('',*,*,#816,.F.);
#133=ORIENTED_EDGE('',*,*,#817,.F.);
#134=ORIENTED_EDGE('',*,*,#818,.F.);
#135=ORIENTED_EDGE('',*,*,#819,.F.);
#136=ORIENTED_EDGE('',*,*,#820,.F.);
#137=ORIENTED_EDGE('',*,*,#821,.F.);
#138=ORIENTED_EDGE('',*,*,#822,.F.);
#139=ORIENTED_EDGE('',*,*,#823,.F.);
#140=ORIENTED_EDGE('',*,*,#824,.F.);
#141=ORIENTED_EDGE('',*,*,#825,.F.);
#142=ORIENTED_EDGE('',*,*,#826,.F.);
#143=ORIENTED_EDGE('',*,*,#827,.F.);
#144=ORIENTED_EDGE('',*,*,#828,.F.);
#145=ORIENTED_EDGE('',*,*,#829,.F.);
#146=ORIENTED_EDGE('',*,*,#830,.F.);
#147=ORIENTED_EDGE('',*,*,#831,.F.);
#148=ORIENTED_EDGE('',*,*,#832,.F.);
#149=ORIENTED_EDGE('',*,*,#833,.F.);
#150=ORIENTED_EDGE('',*,*,#792,.F.);
#151=ORIENTED_EDGE('',*,*,#834,.T.);
#152=ORIENTED_EDGE('',*,*,#772,.F.);
#153=ORIENTED_EDGE('',*,*,#835,.T.);
#154=ORIENTED_EDGE('',*,*,#778,.T.);
#155=ORIENTED_EDGE('',*,*,#836,.T.);
#156=ORIENTED_EDGE('',*,*,#782,.F.);
#157=ORIENTED_EDGE('',*,*,#837,.T.);
#158=ORIENTED_EDGE('',*,*,#788,.F.);
#159=ORIENTED_EDGE('',*,*,#786,.F.);
#160=ORIENTED_EDGE('',*,*,#784,.F.);
#161=ORIENTED_EDGE('',*,*,#794,.F.);
#162=ORIENTED_EDGE('',*,*,#838,.T.);
#163=ORIENTED_EDGE('',*,*,#839,.T.);
#164=ORIENTED_EDGE('',*,*,#840,.T.);
#165=ORIENTED_EDGE('',*,*,#841,.T.);
#166=ORIENTED_EDGE('',*,*,#842,.F.);
#167=ORIENTED_EDGE('',*,*,#843,.T.);
#168=ORIENTED_EDGE('',*,*,#844,.T.);
#169=ORIENTED_EDGE('',*,*,#845,.T.);
#170=ORIENTED_EDGE('',*,*,#846,.F.);
#171=ORIENTED_EDGE('',*,*,#847,.F.);
#172=ORIENTED_EDGE('',*,*,#848,.T.);
#173=ORIENTED_EDGE('',*,*,#849,.T.);
#174=ORIENTED_EDGE('',*,*,#850,.F.);
#175=ORIENTED_EDGE('',*,*,#851,.T.);
#176=ORIENTED_EDGE('',*,*,#852,.T.);
#177=ORIENTED_EDGE('',*,*,#853,.T.);
#178=ORIENTED_EDGE('',*,*,#854,.T.);
#179=ORIENTED_EDGE('',*,*,#855,.T.);
#180=ORIENTED_EDGE('',*,*,#856,.T.);
#181=ORIENTED_EDGE('',*,*,#857,.T.);
#182=ORIENTED_EDGE('',*,*,#858,.T.);
#183=ORIENTED_EDGE('',*,*,#859,.T.);
#184=ORIENTED_EDGE('',*,*,#860,.T.);
#185=ORIENTED_EDGE('',*,*,#861,.T.);
#186=ORIENTED_EDGE('',*,*,#862,.T.);
#187=ORIENTED_EDGE('',*,*,#863,.T.);
#188=ORIENTED_EDGE('',*,*,#864,.T.);
#189=ORIENTED_EDGE('',*,*,#865,.T.);
#190=ORIENTED_EDGE('',*,*,#866,.T.);
#191=ORIENTED_EDGE('',*,*,#867,.T.);
#192=ORIENTED_EDGE('',*,*,#868,.T.);
#193=ORIENTED_EDGE('',*,*,#869,.T.);
#194=ORIENTED_EDGE('',*,*,#870,.T.);
#195=ORIENTED_EDGE('',*,*,#871,.T.);
#196=ORIENTED_EDGE('',*,*,#872,.T.);
#197=ORIENTED_EDGE('',*,*,#873,.T.);
#198=ORIENTED_EDGE('',*,*,#874,.T.);
#199=ORIENTED_EDGE('',*,*,#875,.T.);
#200=ORIENTED_EDGE('',*,*,#774,.T.);
#201=ORIENTED_EDGE('',*,*,#876,.T.);
#202=ORIENTED_EDGE('',*,*,#790,.T.);
#203=ORIENTED_EDGE('',*,*,#877,.T.);
#204=ORIENTED_EDGE('',*,*,#780,.T.);
#205=ORIENTED_EDGE('',*,*,#878,.T.);
#206=ORIENTED_EDGE('',*,*,#776,.F.);
#207=ORIENTED_EDGE('',*,*,#879,.T.);
#208=ORIENTED_EDGE('',*,*,#789,.T.);
#209=ORIENTED_EDGE('',*,*,#787,.T.);
#210=ORIENTED_EDGE('',*,*,#785,.T.);
#211=ORIENTED_EDGE('',*,*,#795,.T.);
#212=ORIENTED_EDGE('',*,*,#830,.T.);
#213=ORIENTED_EDGE('',*,*,#880,.T.);
#214=ORIENTED_EDGE('',*,*,#873,.F.);
#215=ORIENTED_EDGE('',*,*,#881,.F.);
#216=ORIENTED_EDGE('',*,*,#833,.T.);
#217=ORIENTED_EDGE('',*,*,#882,.T.);
#218=ORIENTED_EDGE('',*,*,#874,.F.);
#219=ORIENTED_EDGE('',*,*,#880,.F.);
#220=ORIENTED_EDGE('',*,*,#832,.T.);
#221=ORIENTED_EDGE('',*,*,#883,.T.);
#222=ORIENTED_EDGE('',*,*,#875,.F.);
#223=ORIENTED_EDGE('',*,*,#882,.F.);
#224=ORIENTED_EDGE('',*,*,#831,.T.);
#225=ORIENTED_EDGE('',*,*,#881,.T.);
#226=ORIENTED_EDGE('',*,*,#872,.F.);
#227=ORIENTED_EDGE('',*,*,#883,.F.);
#228=ORIENTED_EDGE('',*,*,#826,.T.);
#229=ORIENTED_EDGE('',*,*,#884,.T.);
#230=ORIENTED_EDGE('',*,*,#869,.F.);
#231=ORIENTED_EDGE('',*,*,#885,.F.);
#232=ORIENTED_EDGE('',*,*,#829,.T.);
#233=ORIENTED_EDGE('',*,*,#886,.T.);
#234=ORIENTED_EDGE('',*,*,#870,.F.);
#235=ORIENTED_EDGE('',*,*,#884,.F.);
#236=ORIENTED_EDGE('',*,*,#828,.T.);
#237=ORIENTED_EDGE('',*,*,#887,.T.);
#238=ORIENTED_EDGE('',*,*,#871,.F.);
#239=ORIENTED_EDGE('',*,*,#886,.F.);
#240=ORIENTED_EDGE('',*,*,#827,.T.);
#241=ORIENTED_EDGE('',*,*,#885,.T.);
#242=ORIENTED_EDGE('',*,*,#868,.F.);
#243=ORIENTED_EDGE('',*,*,#887,.F.);
#244=ORIENTED_EDGE('',*,*,#822,.T.);
#245=ORIENTED_EDGE('',*,*,#888,.T.);
#246=ORIENTED_EDGE('',*,*,#865,.F.);
#247=ORIENTED_EDGE('',*,*,#889,.F.);
#248=ORIENTED_EDGE('',*,*,#825,.T.);
#249=ORIENTED_EDGE('',*,*,#890,.T.);
#250=ORIENTED_EDGE('',*,*,#866,.F.);
#251=ORIENTED_EDGE('',*,*,#888,.F.);
#252=ORIENTED_EDGE('',*,*,#824,.T.);
#253=ORIENTED_EDGE('',*,*,#891,.T.);
#254=ORIENTED_EDGE('',*,*,#867,.F.);
#255=ORIENTED_EDGE('',*,*,#890,.F.);
#256=ORIENTED_EDGE('',*,*,#823,.T.);
#257=ORIENTED_EDGE('',*,*,#889,.T.);
#258=ORIENTED_EDGE('',*,*,#864,.F.);
#259=ORIENTED_EDGE('',*,*,#891,.F.);
#260=ORIENTED_EDGE('',*,*,#818,.T.);
#261=ORIENTED_EDGE('',*,*,#892,.T.);
#262=ORIENTED_EDGE('',*,*,#861,.F.);
#263=ORIENTED_EDGE('',*,*,#893,.F.);
#264=ORIENTED_EDGE('',*,*,#821,.T.);
#265=ORIENTED_EDGE('',*,*,#894,.T.);
#266=ORIENTED_EDGE('',*,*,#862,.F.);
#267=ORIENTED_EDGE('',*,*,#892,.F.);
#268=ORIENTED_EDGE('',*,*,#820,.T.);
#269=ORIENTED_EDGE('',*,*,#895,.T.);
#270=ORIENTED_EDGE('',*,*,#863,.F.);
#271=ORIENTED_EDGE('',*,*,#894,.F.);
#272=ORIENTED_EDGE('',*,*,#819,.T.);
#273=ORIENTED_EDGE('',*,*,#893,.T.);
#274=ORIENTED_EDGE('',*,*,#860,.F.);
#275=ORIENTED_EDGE('',*,*,#895,.F.);
#276=ORIENTED_EDGE('',*,*,#814,.T.);
#277=ORIENTED_EDGE('',*,*,#896,.T.);
#278=ORIENTED_EDGE('',*,*,#857,.F.);
#279=ORIENTED_EDGE('',*,*,#897,.F.);
#280=ORIENTED_EDGE('',*,*,#817,.T.);
#281=ORIENTED_EDGE('',*,*,#898,.T.);
#282=ORIENTED_EDGE('',*,*,#858,.F.);
#283=ORIENTED_EDGE('',*,*,#896,.F.);
#284=ORIENTED_EDGE('',*,*,#816,.T.);
#285=ORIENTED_EDGE('',*,*,#899,.T.);
#286=ORIENTED_EDGE('',*,*,#859,.F.);
#287=ORIENTED_EDGE('',*,*,#898,.F.);
#288=ORIENTED_EDGE('',*,*,#815,.T.);
#289=ORIENTED_EDGE('',*,*,#897,.T.);
#290=ORIENTED_EDGE('',*,*,#856,.F.);
#291=ORIENTED_EDGE('',*,*,#899,.F.);
#292=ORIENTED_EDGE('',*,*,#810,.T.);
#293=ORIENTED_EDGE('',*,*,#900,.T.);
#294=ORIENTED_EDGE('',*,*,#853,.F.);
#295=ORIENTED_EDGE('',*,*,#901,.F.);
#296=ORIENTED_EDGE('',*,*,#813,.T.);
#297=ORIENTED_EDGE('',*,*,#902,.T.);
#298=ORIENTED_EDGE('',*,*,#854,.F.);
#299=ORIENTED_EDGE('',*,*,#900,.F.);
#300=ORIENTED_EDGE('',*,*,#812,.T.);
#301=ORIENTED_EDGE('',*,*,#903,.T.);
#302=ORIENTED_EDGE('',*,*,#855,.F.);
#303=ORIENTED_EDGE('',*,*,#902,.F.);
#304=ORIENTED_EDGE('',*,*,#811,.T.);
#305=ORIENTED_EDGE('',*,*,#901,.T.);
#306=ORIENTED_EDGE('',*,*,#852,.F.);
#307=ORIENTED_EDGE('',*,*,#903,.F.);
#308=ORIENTED_EDGE('',*,*,#806,.T.);
#309=ORIENTED_EDGE('',*,*,#904,.T.);
#310=ORIENTED_EDGE('',*,*,#849,.F.);
#311=ORIENTED_EDGE('',*,*,#905,.F.);
#312=ORIENTED_EDGE('',*,*,#906,.T.);
#313=ORIENTED_EDGE('',*,*,#850,.T.);
#314=ORIENTED_EDGE('',*,*,#904,.F.);
#315=ORIENTED_EDGE('',*,*,#809,.F.);
#316=ORIENTED_EDGE('',*,*,#808,.T.);
#317=ORIENTED_EDGE('',*,*,#907,.T.);
#318=ORIENTED_EDGE('',*,*,#851,.F.);
#319=ORIENTED_EDGE('',*,*,#906,.F.);
#320=ORIENTED_EDGE('',*,*,#807,.T.);
#321=ORIENTED_EDGE('',*,*,#905,.T.);
#322=ORIENTED_EDGE('',*,*,#848,.F.);
#323=ORIENTED_EDGE('',*,*,#907,.F.);
#324=ORIENTED_EDGE('',*,*,#800,.T.);
#325=ORIENTED_EDGE('',*,*,#908,.T.);
#326=ORIENTED_EDGE('',*,*,#843,.F.);
#327=ORIENTED_EDGE('',*,*,#909,.F.);
#328=ORIENTED_EDGE('',*,*,#805,.T.);
#329=ORIENTED_EDGE('',*,*,#910,.T.);
#330=ORIENTED_EDGE('',*,*,#844,.F.);
#331=ORIENTED_EDGE('',*,*,#908,.F.);
#332=ORIENTED_EDGE('',*,*,#804,.T.);
#333=ORIENTED_EDGE('',*,*,#911,.T.);
#334=ORIENTED_EDGE('',*,*,#845,.F.);
#335=ORIENTED_EDGE('',*,*,#910,.F.);
#336=ORIENTED_EDGE('',*,*,#912,.T.);
#337=ORIENTED_EDGE('',*,*,#846,.T.);
#338=ORIENTED_EDGE('',*,*,#911,.F.);
#339=ORIENTED_EDGE('',*,*,#803,.F.);
#340=ORIENTED_EDGE('',*,*,#913,.T.);
#341=ORIENTED_EDGE('',*,*,#847,.T.);
#342=ORIENTED_EDGE('',*,*,#912,.F.);
#343=ORIENTED_EDGE('',*,*,#802,.F.);
#344=ORIENTED_EDGE('',*,*,#909,.T.);
#345=ORIENTED_EDGE('',*,*,#842,.T.);
#346=ORIENTED_EDGE('',*,*,#913,.F.);
#347=ORIENTED_EDGE('',*,*,#801,.F.);
#348=ORIENTED_EDGE('',*,*,#796,.T.);
#349=ORIENTED_EDGE('',*,*,#914,.T.);
#350=ORIENTED_EDGE('',*,*,#839,.F.);
#351=ORIENTED_EDGE('',*,*,#915,.F.);
#352=ORIENTED_EDGE('',*,*,#799,.T.);
#353=ORIENTED_EDGE('',*,*,#916,.T.);
#354=ORIENTED_EDGE('',*,*,#840,.F.);
#355=ORIENTED_EDGE('',*,*,#914,.F.);
#356=ORIENTED_EDGE('',*,*,#798,.T.);
#357=ORIENTED_EDGE('',*,*,#917,.T.);
#358=ORIENTED_EDGE('',*,*,#841,.F.);
#359=ORIENTED_EDGE('',*,*,#916,.F.);
#360=ORIENTED_EDGE('',*,*,#797,.T.);
#361=ORIENTED_EDGE('',*,*,#915,.T.);
#362=ORIENTED_EDGE('',*,*,#838,.F.);
#363=ORIENTED_EDGE('',*,*,#917,.F.);
#364=ORIENTED_EDGE('',*,*,#834,.F.);
#365=ORIENTED_EDGE('',*,*,#791,.F.);
#366=ORIENTED_EDGE('',*,*,#876,.F.);
#367=ORIENTED_EDGE('',*,*,#773,.F.);
#368=ORIENTED_EDGE('',*,*,#837,.F.);
#369=ORIENTED_EDGE('',*,*,#781,.F.);
#370=ORIENTED_EDGE('',*,*,#877,.F.);
#371=ORIENTED_EDGE('',*,*,#793,.F.);
#372=ORIENTED_EDGE('',*,*,#836,.F.);
#373=ORIENTED_EDGE('',*,*,#777,.F.);
#374=ORIENTED_EDGE('',*,*,#878,.F.);
#375=ORIENTED_EDGE('',*,*,#783,.F.);
#376=ORIENTED_EDGE('',*,*,#835,.F.);
#377=ORIENTED_EDGE('',*,*,#775,.F.);
#378=ORIENTED_EDGE('',*,*,#879,.F.);
#379=ORIENTED_EDGE('',*,*,#779,.F.);
#380=ORIENTED_EDGE('',*,*,#918,.F.);
#381=ORIENTED_EDGE('',*,*,#919,.T.);
#382=ORIENTED_EDGE('',*,*,#920,.T.);
#383=ORIENTED_EDGE('',*,*,#921,.T.);
#384=ORIENTED_EDGE('',*,*,#922,.T.);
#385=ORIENTED_EDGE('',*,*,#923,.F.);
#386=ORIENTED_EDGE('',*,*,#924,.F.);
#387=ORIENTED_EDGE('',*,*,#925,.F.);
#388=ORIENTED_EDGE('',*,*,#926,.F.);
#389=ORIENTED_EDGE('',*,*,#927,.F.);
#390=ORIENTED_EDGE('',*,*,#928,.F.);
#391=ORIENTED_EDGE('',*,*,#929,.F.);
#392=ORIENTED_EDGE('',*,*,#930,.T.);
#393=ORIENTED_EDGE('',*,*,#931,.F.);
#394=ORIENTED_EDGE('',*,*,#932,.T.);
#395=ORIENTED_EDGE('',*,*,#933,.T.);
#396=ORIENTED_EDGE('',*,*,#934,.F.);
#397=ORIENTED_EDGE('',*,*,#935,.T.);
#398=ORIENTED_EDGE('',*,*,#936,.T.);
#399=ORIENTED_EDGE('',*,*,#937,.T.);
#400=ORIENTED_EDGE('',*,*,#938,.T.);
#401=ORIENTED_EDGE('',*,*,#939,.T.);
#402=ORIENTED_EDGE('',*,*,#940,.F.);
#403=ORIENTED_EDGE('',*,*,#941,.T.);
#404=ORIENTED_EDGE('',*,*,#942,.F.);
#405=ORIENTED_EDGE('',*,*,#943,.T.);
#406=ORIENTED_EDGE('',*,*,#944,.F.);
#407=ORIENTED_EDGE('',*,*,#945,.T.);
#408=ORIENTED_EDGE('',*,*,#946,.F.);
#409=ORIENTED_EDGE('',*,*,#947,.T.);
#410=ORIENTED_EDGE('',*,*,#948,.F.);
#411=ORIENTED_EDGE('',*,*,#949,.T.);
#412=ORIENTED_EDGE('',*,*,#950,.F.);
#413=ORIENTED_EDGE('',*,*,#951,.T.);
#414=ORIENTED_EDGE('',*,*,#952,.T.);
#415=ORIENTED_EDGE('',*,*,#953,.T.);
#416=ORIENTED_EDGE('',*,*,#954,.T.);
#417=ORIENTED_EDGE('',*,*,#955,.T.);
#418=ORIENTED_EDGE('',*,*,#956,.T.);
#419=ORIENTED_EDGE('',*,*,#957,.T.);
#420=ORIENTED_EDGE('',*,*,#920,.F.);
#421=ORIENTED_EDGE('',*,*,#958,.T.);
#422=ORIENTED_EDGE('',*,*,#934,.T.);
#423=ORIENTED_EDGE('',*,*,#959,.T.);
#424=ORIENTED_EDGE('',*,*,#950,.T.);
#425=ORIENTED_EDGE('',*,*,#960,.T.);
#426=ORIENTED_EDGE('',*,*,#938,.F.);
#427=ORIENTED_EDGE('',*,*,#961,.T.);
#428=ORIENTED_EDGE('',*,*,#962,.T.);
#429=ORIENTED_EDGE('',*,*,#963,.T.);
#430=ORIENTED_EDGE('',*,*,#964,.F.);
#431=ORIENTED_EDGE('',*,*,#965,.T.);
#432=ORIENTED_EDGE('',*,*,#966,.F.);
#433=ORIENTED_EDGE('',*,*,#930,.F.);
#434=ORIENTED_EDGE('',*,*,#967,.F.);
#435=ORIENTED_EDGE('',*,*,#964,.T.);
#436=ORIENTED_EDGE('',*,*,#928,.T.);
#437=ORIENTED_EDGE('',*,*,#968,.T.);
#438=ORIENTED_EDGE('',*,*,#962,.F.);
#439=ORIENTED_EDGE('',*,*,#969,.T.);
#440=ORIENTED_EDGE('',*,*,#965,.F.);
#441=ORIENTED_EDGE('',*,*,#967,.T.);
#442=ORIENTED_EDGE('',*,*,#929,.T.);
#443=ORIENTED_EDGE('',*,*,#969,.F.);
#444=ORIENTED_EDGE('',*,*,#949,.F.);
#445=ORIENTED_EDGE('',*,*,#947,.F.);
#446=ORIENTED_EDGE('',*,*,#945,.F.);
#447=ORIENTED_EDGE('',*,*,#943,.F.);
#448=ORIENTED_EDGE('',*,*,#936,.F.);
#449=ORIENTED_EDGE('',*,*,#970,.T.);
#450=ORIENTED_EDGE('',*,*,#918,.T.);
#451=ORIENTED_EDGE('',*,*,#971,.T.);
#452=ORIENTED_EDGE('',*,*,#940,.T.);
#453=ORIENTED_EDGE('',*,*,#972,.T.);
#454=ORIENTED_EDGE('',*,*,#952,.F.);
#455=ORIENTED_EDGE('',*,*,#973,.T.);
#456=ORIENTED_EDGE('',*,*,#927,.T.);
#457=ORIENTED_EDGE('',*,*,#974,.T.);
#458=ORIENTED_EDGE('',*,*,#925,.T.);
#459=ORIENTED_EDGE('',*,*,#975,.F.);
#460=ORIENTED_EDGE('',*,*,#931,.T.);
#461=ORIENTED_EDGE('',*,*,#966,.T.);
#462=ORIENTED_EDGE('',*,*,#963,.F.);
#463=ORIENTED_EDGE('',*,*,#968,.F.);
#464=ORIENTED_EDGE('',*,*,#976,.T.);
#465=ORIENTED_EDGE('',*,*,#957,.F.);
#466=ORIENTED_EDGE('',*,*,#948,.T.);
#467=ORIENTED_EDGE('',*,*,#976,.F.);
#468=ORIENTED_EDGE('',*,*,#977,.T.);
#469=ORIENTED_EDGE('',*,*,#956,.F.);
#470=ORIENTED_EDGE('',*,*,#944,.T.);
#471=ORIENTED_EDGE('',*,*,#977,.F.);
#472=ORIENTED_EDGE('',*,*,#978,.T.);
#473=ORIENTED_EDGE('',*,*,#955,.F.);
#474=ORIENTED_EDGE('',*,*,#942,.T.);
#475=ORIENTED_EDGE('',*,*,#978,.F.);
#476=ORIENTED_EDGE('',*,*,#979,.T.);
#477=ORIENTED_EDGE('',*,*,#954,.F.);
#478=ORIENTED_EDGE('',*,*,#946,.T.);
#479=ORIENTED_EDGE('',*,*,#979,.F.);
#480=ORIENTED_EDGE('',*,*,#970,.F.);
#481=ORIENTED_EDGE('',*,*,#935,.F.);
#482=ORIENTED_EDGE('',*,*,#958,.F.);
#483=ORIENTED_EDGE('',*,*,#919,.F.);
#484=ORIENTED_EDGE('',*,*,#973,.F.);
#485=ORIENTED_EDGE('',*,*,#951,.F.);
#486=ORIENTED_EDGE('',*,*,#959,.F.);
#487=ORIENTED_EDGE('',*,*,#937,.F.);
#488=ORIENTED_EDGE('',*,*,#972,.F.);
#489=ORIENTED_EDGE('',*,*,#939,.F.);
#490=ORIENTED_EDGE('',*,*,#960,.F.);
#491=ORIENTED_EDGE('',*,*,#953,.F.);
#492=ORIENTED_EDGE('',*,*,#971,.F.);
#493=ORIENTED_EDGE('',*,*,#921,.F.);
#494=ORIENTED_EDGE('',*,*,#961,.F.);
#495=ORIENTED_EDGE('',*,*,#941,.F.);
#496=ORIENTED_EDGE('',*,*,#926,.T.);
#497=ORIENTED_EDGE('',*,*,#980,.T.);
#498=ORIENTED_EDGE('',*,*,#922,.F.);
#499=ORIENTED_EDGE('',*,*,#974,.F.);
#500=ORIENTED_EDGE('',*,*,#975,.T.);
#501=ORIENTED_EDGE('',*,*,#924,.T.);
#502=ORIENTED_EDGE('',*,*,#981,.F.);
#503=ORIENTED_EDGE('',*,*,#932,.F.);
#504=ORIENTED_EDGE('',*,*,#981,.T.);
#505=ORIENTED_EDGE('',*,*,#923,.T.);
#506=ORIENTED_EDGE('',*,*,#980,.F.);
#507=ORIENTED_EDGE('',*,*,#933,.F.);
#508=ORIENTED_EDGE('',*,*,#982,.T.);
#509=ORIENTED_EDGE('',*,*,#983,.T.);
#510=ORIENTED_EDGE('',*,*,#984,.F.);
#511=ORIENTED_EDGE('',*,*,#985,.T.);
#512=ORIENTED_EDGE('',*,*,#986,.T.);
#513=ORIENTED_EDGE('',*,*,#987,.T.);
#514=ORIENTED_EDGE('',*,*,#988,.F.);
#515=ORIENTED_EDGE('',*,*,#989,.T.);
#516=ORIENTED_EDGE('',*,*,#990,.F.);
#517=ORIENTED_EDGE('',*,*,#991,.T.);
#518=ORIENTED_EDGE('',*,*,#992,.T.);
#519=ORIENTED_EDGE('',*,*,#993,.T.);
#520=ORIENTED_EDGE('',*,*,#994,.F.);
#521=ORIENTED_EDGE('',*,*,#995,.F.);
#522=ORIENTED_EDGE('',*,*,#996,.T.);
#523=ORIENTED_EDGE('',*,*,#997,.T.);
#524=ORIENTED_EDGE('',*,*,#998,.F.);
#525=ORIENTED_EDGE('',*,*,#999,.F.);
#526=ORIENTED_EDGE('',*,*,#1000,.T.);
#527=ORIENTED_EDGE('',*,*,#995,.T.);
#528=ORIENTED_EDGE('',*,*,#1001,.F.);
#529=ORIENTED_EDGE('',*,*,#1002,.F.);
#530=ORIENTED_EDGE('',*,*,#1003,.T.);
#531=ORIENTED_EDGE('',*,*,#999,.T.);
#532=ORIENTED_EDGE('',*,*,#1004,.F.);
#533=ORIENTED_EDGE('',*,*,#1005,.F.);
#534=ORIENTED_EDGE('',*,*,#1006,.T.);
#535=ORIENTED_EDGE('',*,*,#1007,.T.);
#536=ORIENTED_EDGE('',*,*,#1008,.F.);
#537=ORIENTED_EDGE('',*,*,#1009,.F.);
#538=ORIENTED_EDGE('',*,*,#1010,.T.);
#539=ORIENTED_EDGE('',*,*,#1005,.T.);
#540=ORIENTED_EDGE('',*,*,#1011,.F.);
#541=ORIENTED_EDGE('',*,*,#1012,.F.);
#542=ORIENTED_EDGE('',*,*,#1013,.T.);
#543=ORIENTED_EDGE('',*,*,#1009,.T.);
#544=ORIENTED_EDGE('',*,*,#1014,.F.);
#545=ORIENTED_EDGE('',*,*,#1015,.F.);
#546=ORIENTED_EDGE('',*,*,#1016,.T.);
#547=ORIENTED_EDGE('',*,*,#1017,.T.);
#548=ORIENTED_EDGE('',*,*,#1018,.F.);
#549=ORIENTED_EDGE('',*,*,#1019,.F.);
#550=ORIENTED_EDGE('',*,*,#1020,.T.);
#551=ORIENTED_EDGE('',*,*,#1015,.T.);
#552=ORIENTED_EDGE('',*,*,#1021,.F.);
#553=ORIENTED_EDGE('',*,*,#1022,.F.);
#554=ORIENTED_EDGE('',*,*,#1023,.T.);
#555=ORIENTED_EDGE('',*,*,#1019,.T.);
#556=ORIENTED_EDGE('',*,*,#1024,.F.);
#557=ORIENTED_EDGE('',*,*,#1025,.F.);
#558=ORIENTED_EDGE('',*,*,#1026,.T.);
#559=ORIENTED_EDGE('',*,*,#1027,.T.);
#560=ORIENTED_EDGE('',*,*,#1028,.F.);
#561=ORIENTED_EDGE('',*,*,#1029,.F.);
#562=ORIENTED_EDGE('',*,*,#1030,.T.);
#563=ORIENTED_EDGE('',*,*,#1025,.T.);
#564=ORIENTED_EDGE('',*,*,#1031,.F.);
#565=ORIENTED_EDGE('',*,*,#1032,.F.);
#566=ORIENTED_EDGE('',*,*,#1033,.T.);
#567=ORIENTED_EDGE('',*,*,#1029,.T.);
#568=ORIENTED_EDGE('',*,*,#1034,.F.);
#569=ORIENTED_EDGE('',*,*,#1035,.F.);
#570=ORIENTED_EDGE('',*,*,#1036,.T.);
#571=ORIENTED_EDGE('',*,*,#1037,.T.);
#572=ORIENTED_EDGE('',*,*,#1038,.F.);
#573=ORIENTED_EDGE('',*,*,#1039,.F.);
#574=ORIENTED_EDGE('',*,*,#1040,.T.);
#575=ORIENTED_EDGE('',*,*,#1035,.T.);
#576=ORIENTED_EDGE('',*,*,#1041,.F.);
#577=ORIENTED_EDGE('',*,*,#1042,.F.);
#578=ORIENTED_EDGE('',*,*,#1043,.T.);
#579=ORIENTED_EDGE('',*,*,#1039,.T.);
#580=ORIENTED_EDGE('',*,*,#1044,.F.);
#581=ORIENTED_EDGE('',*,*,#1045,.F.);
#582=ORIENTED_EDGE('',*,*,#1046,.T.);
#583=ORIENTED_EDGE('',*,*,#1047,.T.);
#584=ORIENTED_EDGE('',*,*,#1048,.F.);
#585=ORIENTED_EDGE('',*,*,#1049,.F.);
#586=ORIENTED_EDGE('',*,*,#1050,.T.);
#587=ORIENTED_EDGE('',*,*,#1045,.T.);
#588=ORIENTED_EDGE('',*,*,#1051,.F.);
#589=ORIENTED_EDGE('',*,*,#1052,.F.);
#590=ORIENTED_EDGE('',*,*,#1053,.T.);
#591=ORIENTED_EDGE('',*,*,#1049,.T.);
#592=ORIENTED_EDGE('',*,*,#1054,.F.);
#593=ORIENTED_EDGE('',*,*,#1055,.F.);
#594=ORIENTED_EDGE('',*,*,#1056,.T.);
#595=ORIENTED_EDGE('',*,*,#1057,.T.);
#596=ORIENTED_EDGE('',*,*,#1058,.F.);
#597=ORIENTED_EDGE('',*,*,#1059,.F.);
#598=ORIENTED_EDGE('',*,*,#1060,.T.);
#599=ORIENTED_EDGE('',*,*,#1055,.T.);
#600=ORIENTED_EDGE('',*,*,#1061,.F.);
#601=ORIENTED_EDGE('',*,*,#1062,.F.);
#602=ORIENTED_EDGE('',*,*,#1063,.T.);
#603=ORIENTED_EDGE('',*,*,#1059,.T.);
#604=ORIENTED_EDGE('',*,*,#1064,.F.);
#605=ORIENTED_EDGE('',*,*,#1065,.F.);
#606=ORIENTED_EDGE('',*,*,#1066,.T.);
#607=ORIENTED_EDGE('',*,*,#1067,.T.);
#608=ORIENTED_EDGE('',*,*,#1068,.F.);
#609=ORIENTED_EDGE('',*,*,#1069,.F.);
#610=ORIENTED_EDGE('',*,*,#1070,.T.);
#611=ORIENTED_EDGE('',*,*,#1065,.T.);
#612=ORIENTED_EDGE('',*,*,#1071,.F.);
#613=ORIENTED_EDGE('',*,*,#1072,.F.);
#614=ORIENTED_EDGE('',*,*,#1073,.T.);
#615=ORIENTED_EDGE('',*,*,#1069,.T.);
#616=ORIENTED_EDGE('',*,*,#1074,.F.);
#617=ORIENTED_EDGE('',*,*,#1075,.F.);
#618=ORIENTED_EDGE('',*,*,#1076,.T.);
#619=ORIENTED_EDGE('',*,*,#1077,.T.);
#620=ORIENTED_EDGE('',*,*,#1078,.T.);
#621=ORIENTED_EDGE('',*,*,#1079,.F.);
#622=ORIENTED_EDGE('',*,*,#1080,.F.);
#623=ORIENTED_EDGE('',*,*,#1075,.T.);
#624=ORIENTED_EDGE('',*,*,#1081,.T.);
#625=ORIENTED_EDGE('',*,*,#1082,.F.);
#626=ORIENTED_EDGE('',*,*,#1083,.F.);
#627=ORIENTED_EDGE('',*,*,#1079,.T.);
#628=ORIENTED_EDGE('',*,*,#1084,.F.);
#629=ORIENTED_EDGE('',*,*,#997,.F.);
#630=ORIENTED_EDGE('',*,*,#1085,.T.);
#631=ORIENTED_EDGE('',*,*,#1002,.T.);
#632=ORIENTED_EDGE('',*,*,#1086,.F.);
#633=ORIENTED_EDGE('',*,*,#1007,.F.);
#634=ORIENTED_EDGE('',*,*,#1087,.T.);
#635=ORIENTED_EDGE('',*,*,#1012,.T.);
#636=ORIENTED_EDGE('',*,*,#1088,.F.);
#637=ORIENTED_EDGE('',*,*,#1017,.F.);
#638=ORIENTED_EDGE('',*,*,#1089,.T.);
#639=ORIENTED_EDGE('',*,*,#1022,.T.);
#640=ORIENTED_EDGE('',*,*,#1090,.F.);
#641=ORIENTED_EDGE('',*,*,#1027,.F.);
#642=ORIENTED_EDGE('',*,*,#1091,.T.);
#643=ORIENTED_EDGE('',*,*,#1032,.T.);
#644=ORIENTED_EDGE('',*,*,#1092,.F.);
#645=ORIENTED_EDGE('',*,*,#1037,.F.);
#646=ORIENTED_EDGE('',*,*,#1093,.T.);
#647=ORIENTED_EDGE('',*,*,#1042,.T.);
#648=ORIENTED_EDGE('',*,*,#1094,.F.);
#649=ORIENTED_EDGE('',*,*,#1047,.F.);
#650=ORIENTED_EDGE('',*,*,#1095,.T.);
#651=ORIENTED_EDGE('',*,*,#1052,.T.);
#652=ORIENTED_EDGE('',*,*,#1096,.T.);
#653=ORIENTED_EDGE('',*,*,#1057,.F.);
#654=ORIENTED_EDGE('',*,*,#1097,.F.);
#655=ORIENTED_EDGE('',*,*,#1062,.T.);
#656=ORIENTED_EDGE('',*,*,#1098,.F.);
#657=ORIENTED_EDGE('',*,*,#1067,.F.);
#658=ORIENTED_EDGE('',*,*,#1099,.T.);
#659=ORIENTED_EDGE('',*,*,#1072,.T.);
#660=ORIENTED_EDGE('',*,*,#1100,.F.);
#661=ORIENTED_EDGE('',*,*,#1077,.F.);
#662=ORIENTED_EDGE('',*,*,#1101,.T.);
#663=ORIENTED_EDGE('',*,*,#1082,.T.);
#664=ORIENTED_EDGE('',*,*,#1102,.F.);
#665=ORIENTED_EDGE('',*,*,#1103,.T.);
#666=ORIENTED_EDGE('',*,*,#1104,.T.);
#667=ORIENTED_EDGE('',*,*,#1105,.T.);
#668=ORIENTED_EDGE('',*,*,#1076,.F.);
#669=ORIENTED_EDGE('',*,*,#1080,.T.);
#670=ORIENTED_EDGE('',*,*,#1083,.T.);
#671=ORIENTED_EDGE('',*,*,#1101,.F.);
#672=ORIENTED_EDGE('',*,*,#1066,.F.);
#673=ORIENTED_EDGE('',*,*,#1070,.F.);
#674=ORIENTED_EDGE('',*,*,#1073,.F.);
#675=ORIENTED_EDGE('',*,*,#1099,.F.);
#676=ORIENTED_EDGE('',*,*,#1056,.F.);
#677=ORIENTED_EDGE('',*,*,#1060,.F.);
#678=ORIENTED_EDGE('',*,*,#1063,.F.);
#679=ORIENTED_EDGE('',*,*,#1097,.T.);
#680=ORIENTED_EDGE('',*,*,#1046,.F.);
#681=ORIENTED_EDGE('',*,*,#1050,.F.);
#682=ORIENTED_EDGE('',*,*,#1053,.F.);
#683=ORIENTED_EDGE('',*,*,#1095,.F.);
#684=ORIENTED_EDGE('',*,*,#1036,.F.);
#685=ORIENTED_EDGE('',*,*,#1040,.F.);
#686=ORIENTED_EDGE('',*,*,#1043,.F.);
#687=ORIENTED_EDGE('',*,*,#1093,.F.);
#688=ORIENTED_EDGE('',*,*,#1026,.F.);
#689=ORIENTED_EDGE('',*,*,#1030,.F.);
#690=ORIENTED_EDGE('',*,*,#1033,.F.);
#691=ORIENTED_EDGE('',*,*,#1091,.F.);
#692=ORIENTED_EDGE('',*,*,#1016,.F.);
#693=ORIENTED_EDGE('',*,*,#1020,.F.);
#694=ORIENTED_EDGE('',*,*,#1023,.F.);
#695=ORIENTED_EDGE('',*,*,#1089,.F.);
#696=ORIENTED_EDGE('',*,*,#1006,.F.);
#697=ORIENTED_EDGE('',*,*,#1010,.F.);
#698=ORIENTED_EDGE('',*,*,#1013,.F.);
#699=ORIENTED_EDGE('',*,*,#1087,.F.);
#700=ORIENTED_EDGE('',*,*,#996,.F.);
#701=ORIENTED_EDGE('',*,*,#1000,.F.);
#702=ORIENTED_EDGE('',*,*,#1003,.F.);
#703=ORIENTED_EDGE('',*,*,#1085,.F.);
#704=ORIENTED_EDGE('',*,*,#1104,.F.);
#705=ORIENTED_EDGE('',*,*,#1106,.T.);
#706=ORIENTED_EDGE('',*,*,#982,.F.);
#707=ORIENTED_EDGE('',*,*,#1107,.T.);
#708=ORIENTED_EDGE('',*,*,#988,.T.);
#709=ORIENTED_EDGE('',*,*,#1108,.T.);
#710=ORIENTED_EDGE('',*,*,#992,.F.);
#711=ORIENTED_EDGE('',*,*,#1109,.T.);
#712=ORIENTED_EDGE('',*,*,#1074,.T.);
#713=ORIENTED_EDGE('',*,*,#1100,.T.);
#714=ORIENTED_EDGE('',*,*,#1081,.F.);
#715=ORIENTED_EDGE('',*,*,#1078,.F.);
#716=ORIENTED_EDGE('',*,*,#1064,.T.);
#717=ORIENTED_EDGE('',*,*,#1098,.T.);
#718=ORIENTED_EDGE('',*,*,#1071,.T.);
#719=ORIENTED_EDGE('',*,*,#1068,.T.);
#720=ORIENTED_EDGE('',*,*,#1054,.T.);
#721=ORIENTED_EDGE('',*,*,#1096,.F.);
#722=ORIENTED_EDGE('',*,*,#1061,.T.);
#723=ORIENTED_EDGE('',*,*,#1058,.T.);
#724=ORIENTED_EDGE('',*,*,#1044,.T.);
#725=ORIENTED_EDGE('',*,*,#1094,.T.);
#726=ORIENTED_EDGE('',*,*,#1051,.T.);
#727=ORIENTED_EDGE('',*,*,#1048,.T.);
#728=ORIENTED_EDGE('',*,*,#1034,.T.);
#729=ORIENTED_EDGE('',*,*,#1092,.T.);
#730=ORIENTED_EDGE('',*,*,#1041,.T.);
#731=ORIENTED_EDGE('',*,*,#1038,.T.);
#732=ORIENTED_EDGE('',*,*,#1024,.T.);
#733=ORIENTED_EDGE('',*,*,#1090,.T.);
#734=ORIENTED_EDGE('',*,*,#1031,.T.);
#735=ORIENTED_EDGE('',*,*,#1028,.T.);
#736=ORIENTED_EDGE('',*,*,#1014,.T.);
#737=ORIENTED_EDGE('',*,*,#1088,.T.);
#738=ORIENTED_EDGE('',*,*,#1021,.T.);
#739=ORIENTED_EDGE('',*,*,#1018,.T.);
#740=ORIENTED_EDGE('',*,*,#1004,.T.);
#741=ORIENTED_EDGE('',*,*,#1086,.T.);
#742=ORIENTED_EDGE('',*,*,#1011,.T.);
#743=ORIENTED_EDGE('',*,*,#1008,.T.);
#744=ORIENTED_EDGE('',*,*,#994,.T.);
#745=ORIENTED_EDGE('',*,*,#1084,.T.);
#746=ORIENTED_EDGE('',*,*,#1001,.T.);
#747=ORIENTED_EDGE('',*,*,#998,.T.);
#748=ORIENTED_EDGE('',*,*,#984,.T.);
#749=ORIENTED_EDGE('',*,*,#1110,.T.);
#750=ORIENTED_EDGE('',*,*,#1102,.T.);
#751=ORIENTED_EDGE('',*,*,#1111,.T.);
#752=ORIENTED_EDGE('',*,*,#990,.T.);
#753=ORIENTED_EDGE('',*,*,#1112,.T.);
#754=ORIENTED_EDGE('',*,*,#986,.F.);
#755=ORIENTED_EDGE('',*,*,#1113,.T.);
#756=ORIENTED_EDGE('',*,*,#1106,.F.);
#757=ORIENTED_EDGE('',*,*,#1103,.F.);
#758=ORIENTED_EDGE('',*,*,#1110,.F.);
#759=ORIENTED_EDGE('',*,*,#983,.F.);
#760=ORIENTED_EDGE('',*,*,#1109,.F.);
#761=ORIENTED_EDGE('',*,*,#991,.F.);
#762=ORIENTED_EDGE('',*,*,#1111,.F.);
#763=ORIENTED_EDGE('',*,*,#1105,.F.);
#764=ORIENTED_EDGE('',*,*,#1108,.F.);
#765=ORIENTED_EDGE('',*,*,#987,.F.);
#766=ORIENTED_EDGE('',*,*,#1112,.F.);
#767=ORIENTED_EDGE('',*,*,#993,.F.);
#768=ORIENTED_EDGE('',*,*,#1107,.F.);
#769=ORIENTED_EDGE('',*,*,#985,.F.);
#770=ORIENTED_EDGE('',*,*,#1113,.F.);
#771=ORIENTED_EDGE('',*,*,#989,.F.);
#772=EDGE_CURVE('',#1114,#1115,#1350,.T.);
#773=EDGE_CURVE('',#1115,#1116,#1351,.T.);
#774=EDGE_CURVE('',#1117,#1116,#1352,.T.);
#775=EDGE_CURVE('',#1117,#1114,#1353,.F.);
#776=EDGE_CURVE('',#1118,#1119,#1354,.T.);
#777=EDGE_CURVE('',#1119,#1120,#1355,.F.);
#778=EDGE_CURVE('',#1121,#1120,#1356,.T.);
#779=EDGE_CURVE('',#1121,#1118,#1357,.T.);
#780=EDGE_CURVE('',#1122,#1123,#1358,.T.);
#781=EDGE_CURVE('',#1122,#1124,#1359,.F.);
#782=EDGE_CURVE('',#1124,#1125,#1360,.T.);
#783=EDGE_CURVE('',#1125,#1123,#1361,.T.);
#784=EDGE_CURVE('',#1126,#1126,#16,.T.);
#785=EDGE_CURVE('',#1127,#1127,#17,.T.);
#786=EDGE_CURVE('',#1128,#1128,#18,.T.);
#787=EDGE_CURVE('',#1129,#1129,#19,.T.);
#788=EDGE_CURVE('',#1130,#1130,#20,.T.);
#789=EDGE_CURVE('',#1131,#1131,#21,.T.);
#790=EDGE_CURVE('',#1132,#1133,#1362,.T.);
#791=EDGE_CURVE('',#1132,#1134,#1363,.F.);
#792=EDGE_CURVE('',#1134,#1135,#1364,.T.);
#793=EDGE_CURVE('',#1135,#1133,#1365,.T.);
#794=EDGE_CURVE('',#1136,#1136,#22,.T.);
#795=EDGE_CURVE('',#1137,#1137,#23,.T.);
#796=EDGE_CURVE('',#1138,#1139,#1366,.T.);
#797=EDGE_CURVE('',#1140,#1138,#1367,.T.);
#798=EDGE_CURVE('',#1141,#1140,#1368,.T.);
#799=EDGE_CURVE('',#1139,#1141,#1369,.T.);
#800=EDGE_CURVE('',#1142,#1143,#1370,.T.);
#801=EDGE_CURVE('',#1142,#1144,#1371,.T.);
#802=EDGE_CURVE('',#1144,#1145,#1372,.T.);
#803=EDGE_CURVE('',#1145,#1146,#1373,.T.);
#804=EDGE_CURVE('',#1147,#1146,#1374,.T.);
#805=EDGE_CURVE('',#1143,#1147,#1375,.T.);
#806=EDGE_CURVE('',#1148,#1149,#1376,.T.);
#807=EDGE_CURVE('',#1150,#1148,#1377,.T.);
#808=EDGE_CURVE('',#1151,#1150,#1378,.T.);
#809=EDGE_CURVE('',#1151,#1149,#1379,.T.);
#810=EDGE_CURVE('',#1152,#1153,#1380,.T.);
#811=EDGE_CURVE('',#1154,#1152,#1381,.T.);
#812=EDGE_CURVE('',#1155,#1154,#1382,.T.);
#813=EDGE_CURVE('',#1153,#1155,#1383,.T.);
#814=EDGE_CURVE('',#1156,#1157,#1384,.T.);
#815=EDGE_CURVE('',#1158,#1156,#1385,.T.);
#816=EDGE_CURVE('',#1159,#1158,#1386,.T.);
#817=EDGE_CURVE('',#1157,#1159,#1387,.T.);
#818=EDGE_CURVE('',#1160,#1161,#1388,.T.);
#819=EDGE_CURVE('',#1162,#1160,#1389,.T.);
#820=EDGE_CURVE('',#1163,#1162,#1390,.T.);
#821=EDGE_CURVE('',#1161,#1163,#1391,.T.);
#822=EDGE_CURVE('',#1164,#1165,#1392,.T.);
#823=EDGE_CURVE('',#1166,#1164,#1393,.T.);
#824=EDGE_CURVE('',#1167,#1166,#1394,.T.);
#825=EDGE_CURVE('',#1165,#1167,#1395,.T.);
#826=EDGE_CURVE('',#1168,#1169,#1396,.T.);
#827=EDGE_CURVE('',#1170,#1168,#1397,.T.);
#828=EDGE_CURVE('',#1171,#1170,#1398,.T.);
#829=EDGE_CURVE('',#1169,#1171,#1399,.T.);
#830=EDGE_CURVE('',#1172,#1173,#1400,.T.);
#831=EDGE_CURVE('',#1174,#1172,#1401,.T.);
#832=EDGE_CURVE('',#1175,#1174,#1402,.T.);
#833=EDGE_CURVE('',#1173,#1175,#1403,.T.);
#834=EDGE_CURVE('',#1134,#1115,#24,.T.);
#835=EDGE_CURVE('',#1114,#1121,#25,.T.);
#836=EDGE_CURVE('',#1120,#1125,#26,.T.);
#837=EDGE_CURVE('',#1124,#1135,#27,.T.);
#838=EDGE_CURVE('',#1176,#1177,#1404,.T.);
#839=EDGE_CURVE('',#1177,#1178,#1405,.T.);
#840=EDGE_CURVE('',#1178,#1179,#1406,.T.);
#841=EDGE_CURVE('',#1179,#1176,#1407,.T.);
#842=EDGE_CURVE('',#1180,#1181,#1408,.T.);
#843=EDGE_CURVE('',#1180,#1182,#1409,.T.);
#844=EDGE_CURVE('',#1182,#1183,#1410,.T.);
#845=EDGE_CURVE('',#1183,#1184,#1411,.T.);
#846=EDGE_CURVE('',#1185,#1184,#1412,.T.);
#847=EDGE_CURVE('',#1181,#1185,#1413,.T.);
#848=EDGE_CURVE('',#1186,#1187,#1414,.T.);
#849=EDGE_CURVE('',#1187,#1188,#1415,.T.);
#850=EDGE_CURVE('',#1189,#1188,#1416,.T.);
#851=EDGE_CURVE('',#1189,#1186,#1417,.T.);
#852=EDGE_CURVE('',#1190,#1191,#1418,.T.);
#853=EDGE_CURVE('',#1191,#1192,#1419,.T.);
#854=EDGE_CURVE('',#1192,#1193,#1420,.T.);
#855=EDGE_CURVE('',#1193,#1190,#1421,.T.);
#856=EDGE_CURVE('',#1194,#1195,#1422,.T.);
#857=EDGE_CURVE('',#1195,#1196,#1423,.T.);
#858=EDGE_CURVE('',#1196,#1197,#1424,.T.);
#859=EDGE_CURVE('',#1197,#1194,#1425,.T.);
#860=EDGE_CURVE('',#1198,#1199,#1426,.T.);
#861=EDGE_CURVE('',#1199,#1200,#1427,.T.);
#862=EDGE_CURVE('',#1200,#1201,#1428,.T.);
#863=EDGE_CURVE('',#1201,#1198,#1429,.T.);
#864=EDGE_CURVE('',#1202,#1203,#1430,.T.);
#865=EDGE_CURVE('',#1203,#1204,#1431,.T.);
#866=EDGE_CURVE('',#1204,#1205,#1432,.T.);
#867=EDGE_CURVE('',#1205,#1202,#1433,.T.);
#868=EDGE_CURVE('',#1206,#1207,#1434,.T.);
#869=EDGE_CURVE('',#1207,#1208,#1435,.T.);
#870=EDGE_CURVE('',#1208,#1209,#1436,.T.);
#871=EDGE_CURVE('',#1209,#1206,#1437,.T.);
#872=EDGE_CURVE('',#1210,#1211,#1438,.T.);
#873=EDGE_CURVE('',#1211,#1212,#1439,.T.);
#874=EDGE_CURVE('',#1212,#1213,#1440,.T.);
#875=EDGE_CURVE('',#1213,#1210,#1441,.T.);
#876=EDGE_CURVE('',#1116,#1132,#28,.F.);
#877=EDGE_CURVE('',#1133,#1122,#29,.F.);
#878=EDGE_CURVE('',#1123,#1119,#30,.F.);
#879=EDGE_CURVE('',#1118,#1117,#31,.F.);
#880=EDGE_CURVE('',#1173,#1212,#1442,.T.);
#881=EDGE_CURVE('',#1172,#1211,#1443,.T.);
#882=EDGE_CURVE('',#1175,#1213,#1444,.T.);
#883=EDGE_CURVE('',#1174,#1210,#1445,.T.);
#884=EDGE_CURVE('',#1169,#1208,#1446,.T.);
#885=EDGE_CURVE('',#1168,#1207,#1447,.T.);
#886=EDGE_CURVE('',#1171,#1209,#1448,.T.);
#887=EDGE_CURVE('',#1170,#1206,#1449,.T.);
#888=EDGE_CURVE('',#1165,#1204,#1450,.T.);
#889=EDGE_CURVE('',#1164,#1203,#1451,.T.);
#890=EDGE_CURVE('',#1167,#1205,#1452,.T.);
#891=EDGE_CURVE('',#1166,#1202,#1453,.T.);
#892=EDGE_CURVE('',#1161,#1200,#1454,.T.);
#893=EDGE_CURVE('',#1160,#1199,#1455,.T.);
#894=EDGE_CURVE('',#1163,#1201,#1456,.T.);
#895=EDGE_CURVE('',#1162,#1198,#1457,.T.);
#896=EDGE_CURVE('',#1157,#1196,#1458,.T.);
#897=EDGE_CURVE('',#1156,#1195,#1459,.T.);
#898=EDGE_CURVE('',#1159,#1197,#1460,.T.);
#899=EDGE_CURVE('',#1158,#1194,#1461,.T.);
#900=EDGE_CURVE('',#1153,#1192,#1462,.T.);
#901=EDGE_CURVE('',#1152,#1191,#1463,.T.);
#902=EDGE_CURVE('',#1155,#1193,#1464,.T.);
#903=EDGE_CURVE('',#1154,#1190,#1465,.T.);
#904=EDGE_CURVE('',#1149,#1188,#1466,.T.);
#905=EDGE_CURVE('',#1148,#1187,#1467,.T.);
#906=EDGE_CURVE('',#1151,#1189,#1468,.T.);
#907=EDGE_CURVE('',#1150,#1186,#1469,.T.);
#908=EDGE_CURVE('',#1143,#1182,#1470,.T.);
#909=EDGE_CURVE('',#1142,#1180,#1471,.T.);
#910=EDGE_CURVE('',#1147,#1183,#1472,.T.);
#911=EDGE_CURVE('',#1146,#1184,#1473,.T.);
#912=EDGE_CURVE('',#1145,#1185,#1474,.T.);
#913=EDGE_CURVE('',#1144,#1181,#1475,.T.);
#914=EDGE_CURVE('',#1139,#1178,#1476,.T.);
#915=EDGE_CURVE('',#1138,#1177,#1477,.T.);
#916=EDGE_CURVE('',#1141,#1179,#1478,.T.);
#917=EDGE_CURVE('',#1140,#1176,#1479,.T.);
#918=EDGE_CURVE('',#1214,#1215,#1480,.T.);
#919=EDGE_CURVE('',#1214,#1216,#1481,.T.);
#920=EDGE_CURVE('',#1216,#1217,#1482,.T.);
#921=EDGE_CURVE('',#1217,#1215,#1483,.F.);
#922=EDGE_CURVE('',#1218,#1219,#1484,.T.);
#923=EDGE_CURVE('',#1220,#1219,#1485,.T.);
#924=EDGE_CURVE('',#1221,#1220,#1486,.T.);
#925=EDGE_CURVE('',#1218,#1221,#1487,.T.);
#926=EDGE_CURVE('',#1222,#1223,#1488,.T.);
#927=EDGE_CURVE('',#1224,#1222,#1489,.T.);
#928=EDGE_CURVE('',#1225,#1224,#1490,.T.);
#929=EDGE_CURVE('',#1226,#1225,#1491,.T.);
#930=EDGE_CURVE('',#1226,#1227,#1492,.T.);
#931=EDGE_CURVE('',#1228,#1227,#1493,.T.);
#932=EDGE_CURVE('',#1228,#1229,#1494,.T.);
#933=EDGE_CURVE('',#1229,#1223,#1495,.T.);
#934=EDGE_CURVE('',#1230,#1231,#1496,.T.);
#935=EDGE_CURVE('',#1230,#1232,#1497,.F.);
#936=EDGE_CURVE('',#1232,#1233,#1498,.T.);
#937=EDGE_CURVE('',#1233,#1231,#1499,.T.);
#938=EDGE_CURVE('',#1234,#1235,#1500,.T.);
#939=EDGE_CURVE('',#1235,#1236,#1501,.F.);
#940=EDGE_CURVE('',#1237,#1236,#1502,.T.);
#941=EDGE_CURVE('',#1237,#1234,#1503,.T.);
#942=EDGE_CURVE('',#1238,#1238,#32,.T.);
#943=EDGE_CURVE('',#1239,#1239,#33,.T.);
#944=EDGE_CURVE('',#1240,#1240,#34,.T.);
#945=EDGE_CURVE('',#1241,#1241,#35,.T.);
#946=EDGE_CURVE('',#1242,#1242,#36,.T.);
#947=EDGE_CURVE('',#1243,#1243,#37,.T.);
#948=EDGE_CURVE('',#1244,#1244,#38,.T.);
#949=EDGE_CURVE('',#1245,#1245,#39,.T.);
#950=EDGE_CURVE('',#1246,#1247,#1504,.T.);
#951=EDGE_CURVE('',#1246,#1248,#1505,.F.);
#952=EDGE_CURVE('',#1248,#1249,#1506,.T.);
#953=EDGE_CURVE('',#1249,#1247,#1507,.T.);
#954=EDGE_CURVE('',#1250,#1250,#40,.T.);
#955=EDGE_CURVE('',#1251,#1251,#41,.T.);
#956=EDGE_CURVE('',#1252,#1252,#42,.T.);
#957=EDGE_CURVE('',#1253,#1253,#43,.T.);
#958=EDGE_CURVE('',#1216,#1230,#44,.F.);
#959=EDGE_CURVE('',#1231,#1246,#45,.F.);
#960=EDGE_CURVE('',#1247,#1235,#46,.F.);
#961=EDGE_CURVE('',#1234,#1217,#47,.F.);
#962=EDGE_CURVE('',#1254,#1255,#1508,.T.);
#963=EDGE_CURVE('',#1255,#1256,#1509,.T.);
#964=EDGE_CURVE('',#1257,#1256,#1510,.T.);
#965=EDGE_CURVE('',#1257,#1254,#1511,.T.);
#966=EDGE_CURVE('',#1227,#1256,#1512,.T.);
#967=EDGE_CURVE('',#1257,#1226,#1513,.T.);
#968=EDGE_CURVE('',#1224,#1255,#1514,.T.);
#969=EDGE_CURVE('',#1254,#1225,#1515,.T.);
#970=EDGE_CURVE('',#1232,#1214,#48,.T.);
#971=EDGE_CURVE('',#1215,#1237,#49,.T.);
#972=EDGE_CURVE('',#1236,#1249,#50,.T.);
#973=EDGE_CURVE('',#1248,#1233,#51,.T.);
#974=EDGE_CURVE('',#1222,#1218,#1516,.T.);
#975=EDGE_CURVE('',#1228,#1221,#1517,.T.);
#976=EDGE_CURVE('',#1258,#1258,#52,.T.);
#977=EDGE_CURVE('',#1259,#1259,#53,.T.);
#978=EDGE_CURVE('',#1260,#1260,#54,.T.);
#979=EDGE_CURVE('',#1261,#1261,#55,.T.);
#980=EDGE_CURVE('',#1223,#1219,#1518,.T.);
#981=EDGE_CURVE('',#1229,#1220,#1519,.T.);
#982=EDGE_CURVE('',#1262,#1263,#1520,.T.);
#983=EDGE_CURVE('',#1263,#1264,#1521,.T.);
#984=EDGE_CURVE('',#1265,#1264,#1522,.T.);
#985=EDGE_CURVE('',#1265,#1262,#1523,.F.);
#986=EDGE_CURVE('',#1266,#1267,#1524,.T.);
#987=EDGE_CURVE('',#1267,#1268,#1525,.F.);
#988=EDGE_CURVE('',#1269,#1268,#1526,.T.);
#989=EDGE_CURVE('',#1269,#1266,#1527,.T.);
#990=EDGE_CURVE('',#1270,#1271,#1528,.T.);
#991=EDGE_CURVE('',#1270,#1272,#1529,.F.);
#992=EDGE_CURVE('',#1272,#1273,#1530,.T.);
#993=EDGE_CURVE('',#1273,#1271,#1531,.T.);
#994=EDGE_CURVE('',#1274,#1275,#1532,.T.);
#995=EDGE_CURVE('',#1276,#1274,#1533,.T.);
#996=EDGE_CURVE('',#1276,#1277,#1534,.T.);
#997=EDGE_CURVE('',#1277,#1275,#1535,.T.);
#998=EDGE_CURVE('',#1278,#1274,#1536,.T.);
#999=EDGE_CURVE('',#1279,#1278,#1537,.T.);
#1000=EDGE_CURVE('',#1279,#1276,#1538,.T.);
#1001=EDGE_CURVE('',#1280,#1278,#1539,.T.);
#1002=EDGE_CURVE('',#1281,#1280,#1540,.T.);
#1003=EDGE_CURVE('',#1281,#1279,#1541,.T.);
#1004=EDGE_CURVE('',#1282,#1283,#1542,.T.);
#1005=EDGE_CURVE('',#1284,#1282,#1543,.T.);
#1006=EDGE_CURVE('',#1284,#1285,#1544,.T.);
#1007=EDGE_CURVE('',#1285,#1283,#1545,.T.);
#1008=EDGE_CURVE('',#1286,#1282,#1546,.T.);
#1009=EDGE_CURVE('',#1287,#1286,#1547,.T.);
#1010=EDGE_CURVE('',#1287,#1284,#1548,.T.);
#1011=EDGE_CURVE('',#1288,#1286,#1549,.T.);
#1012=EDGE_CURVE('',#1289,#1288,#1550,.T.);
#1013=EDGE_CURVE('',#1289,#1287,#1551,.T.);
#1014=EDGE_CURVE('',#1290,#1291,#1552,.T.);
#1015=EDGE_CURVE('',#1292,#1290,#1553,.T.);
#1016=EDGE_CURVE('',#1292,#1293,#1554,.T.);
#1017=EDGE_CURVE('',#1293,#1291,#1555,.T.);
#1018=EDGE_CURVE('',#1294,#1290,#1556,.T.);
#1019=EDGE_CURVE('',#1295,#1294,#1557,.T.);
#1020=EDGE_CURVE('',#1295,#1292,#1558,.T.);
#1021=EDGE_CURVE('',#1296,#1294,#1559,.T.);
#1022=EDGE_CURVE('',#1297,#1296,#1560,.T.);
#1023=EDGE_CURVE('',#1297,#1295,#1561,.T.);
#1024=EDGE_CURVE('',#1298,#1299,#1562,.T.);
#1025=EDGE_CURVE('',#1300,#1298,#1563,.T.);
#1026=EDGE_CURVE('',#1300,#1301,#1564,.T.);
#1027=EDGE_CURVE('',#1301,#1299,#1565,.T.);
#1028=EDGE_CURVE('',#1302,#1298,#1566,.T.);
#1029=EDGE_CURVE('',#1303,#1302,#1567,.T.);
#1030=EDGE_CURVE('',#1303,#1300,#1568,.T.);
#1031=EDGE_CURVE('',#1304,#1302,#1569,.T.);
#1032=EDGE_CURVE('',#1305,#1304,#1570,.T.);
#1033=EDGE_CURVE('',#1305,#1303,#1571,.T.);
#1034=EDGE_CURVE('',#1306,#1307,#1572,.T.);
#1035=EDGE_CURVE('',#1308,#1306,#1573,.T.);
#1036=EDGE_CURVE('',#1308,#1309,#1574,.T.);
#1037=EDGE_CURVE('',#1309,#1307,#1575,.T.);
#1038=EDGE_CURVE('',#1310,#1306,#1576,.T.);
#1039=EDGE_CURVE('',#1311,#1310,#1577,.T.);
#1040=EDGE_CURVE('',#1311,#1308,#1578,.T.);
#1041=EDGE_CURVE('',#1312,#1310,#1579,.T.);
#1042=EDGE_CURVE('',#1313,#1312,#1580,.T.);
#1043=EDGE_CURVE('',#1313,#1311,#1581,.T.);
#1044=EDGE_CURVE('',#1314,#1315,#1582,.T.);
#1045=EDGE_CURVE('',#1316,#1314,#1583,.T.);
#1046=EDGE_CURVE('',#1316,#1317,#1584,.T.);
#1047=EDGE_CURVE('',#1317,#1315,#1585,.T.);
#1048=EDGE_CURVE('',#1318,#1314,#1586,.T.);
#1049=EDGE_CURVE('',#1319,#1318,#1587,.T.);
#1050=EDGE_CURVE('',#1319,#1316,#1588,.T.);
#1051=EDGE_CURVE('',#1320,#1318,#1589,.T.);
#1052=EDGE_CURVE('',#1321,#1320,#1590,.T.);
#1053=EDGE_CURVE('',#1321,#1319,#1591,.T.);
#1054=EDGE_CURVE('',#1322,#1323,#1592,.T.);
#1055=EDGE_CURVE('',#1324,#1322,#1593,.T.);
#1056=EDGE_CURVE('',#1324,#1325,#1594,.T.);
#1057=EDGE_CURVE('',#1325,#1323,#1595,.T.);
#1058=EDGE_CURVE('',#1326,#1322,#1596,.T.);
#1059=EDGE_CURVE('',#1327,#1326,#1597,.T.);
#1060=EDGE_CURVE('',#1327,#1324,#1598,.T.);
#1061=EDGE_CURVE('',#1328,#1326,#1599,.T.);
#1062=EDGE_CURVE('',#1329,#1328,#1600,.T.);
#1063=EDGE_CURVE('',#1329,#1327,#1601,.T.);
#1064=EDGE_CURVE('',#1330,#1331,#1602,.T.);
#1065=EDGE_CURVE('',#1332,#1330,#1603,.T.);
#1066=EDGE_CURVE('',#1332,#1333,#1604,.T.);
#1067=EDGE_CURVE('',#1333,#1331,#1605,.T.);
#1068=EDGE_CURVE('',#1334,#1330,#1606,.T.);
#1069=EDGE_CURVE('',#1335,#1334,#1607,.T.);
#1070=EDGE_CURVE('',#1335,#1332,#1608,.T.);
#1071=EDGE_CURVE('',#1336,#1334,#1609,.T.);
#1072=EDGE_CURVE('',#1337,#1336,#1610,.T.);
#1073=EDGE_CURVE('',#1337,#1335,#1611,.T.);
#1074=EDGE_CURVE('',#1338,#1339,#1612,.T.);
#1075=EDGE_CURVE('',#1340,#1338,#1613,.T.);
#1076=EDGE_CURVE('',#1340,#1341,#1614,.T.);
#1077=EDGE_CURVE('',#1341,#1339,#1615,.T.);
#1078=EDGE_CURVE('',#1338,#1342,#1616,.T.);
#1079=EDGE_CURVE('',#1343,#1342,#1617,.T.);
#1080=EDGE_CURVE('',#1340,#1343,#1618,.T.);
#1081=EDGE_CURVE('',#1342,#1344,#1619,.T.);
#1082=EDGE_CURVE('',#1345,#1344,#1620,.T.);
#1083=EDGE_CURVE('',#1343,#1345,#1621,.T.);
#1084=EDGE_CURVE('',#1275,#1280,#1622,.T.);
#1085=EDGE_CURVE('',#1277,#1281,#1623,.T.);
#1086=EDGE_CURVE('',#1283,#1288,#1624,.T.);
#1087=EDGE_CURVE('',#1285,#1289,#1625,.T.);
#1088=EDGE_CURVE('',#1291,#1296,#1626,.T.);
#1089=EDGE_CURVE('',#1293,#1297,#1627,.T.);
#1090=EDGE_CURVE('',#1299,#1304,#1628,.T.);
#1091=EDGE_CURVE('',#1301,#1305,#1629,.T.);
#1092=EDGE_CURVE('',#1307,#1312,#1630,.T.);
#1093=EDGE_CURVE('',#1309,#1313,#1631,.T.);
#1094=EDGE_CURVE('',#1315,#1320,#1632,.T.);
#1095=EDGE_CURVE('',#1317,#1321,#1633,.T.);
#1096=EDGE_CURVE('',#1328,#1323,#1634,.T.);
#1097=EDGE_CURVE('',#1329,#1325,#1635,.T.);
#1098=EDGE_CURVE('',#1331,#1336,#1636,.T.);
#1099=EDGE_CURVE('',#1333,#1337,#1637,.T.);
#1100=EDGE_CURVE('',#1339,#1344,#1638,.T.);
#1101=EDGE_CURVE('',#1341,#1345,#1639,.T.);
#1102=EDGE_CURVE('',#1346,#1347,#1640,.T.);
#1103=EDGE_CURVE('',#1346,#1348,#1641,.F.);
#1104=EDGE_CURVE('',#1348,#1349,#1642,.T.);
#1105=EDGE_CURVE('',#1349,#1347,#1643,.T.);
#1106=EDGE_CURVE('',#1348,#1263,#56,.T.);
#1107=EDGE_CURVE('',#1262,#1269,#57,.T.);
#1108=EDGE_CURVE('',#1268,#1273,#58,.T.);
#1109=EDGE_CURVE('',#1272,#1349,#59,.T.);
#1110=EDGE_CURVE('',#1264,#1346,#60,.F.);
#1111=EDGE_CURVE('',#1347,#1270,#61,.F.);
#1112=EDGE_CURVE('',#1271,#1267,#62,.F.);
#1113=EDGE_CURVE('',#1266,#1265,#63,.F.);
#1114=VERTEX_POINT('',#3436);
#1115=VERTEX_POINT('',#3437);
#1116=VERTEX_POINT('',#3439);
#1117=VERTEX_POINT('',#3441);
#1118=VERTEX_POINT('',#3445);
#1119=VERTEX_POINT('',#3446);
#1120=VERTEX_POINT('',#3448);
#1121=VERTEX_POINT('',#3450);
#1122=VERTEX_POINT('',#3454);
#1123=VERTEX_POINT('',#3455);
#1124=VERTEX_POINT('',#3457);
#1125=VERTEX_POINT('',#3459);
#1126=VERTEX_POINT('',#3463);
#1127=VERTEX_POINT('',#3465);
#1128=VERTEX_POINT('',#3468);
#1129=VERTEX_POINT('',#3470);
#1130=VERTEX_POINT('',#3473);
#1131=VERTEX_POINT('',#3475);
#1132=VERTEX_POINT('',#3478);
#1133=VERTEX_POINT('',#3479);
#1134=VERTEX_POINT('',#3481);
#1135=VERTEX_POINT('',#3483);
#1136=VERTEX_POINT('',#3487);
#1137=VERTEX_POINT('',#3489);
#1138=VERTEX_POINT('',#3492);
#1139=VERTEX_POINT('',#3493);
#1140=VERTEX_POINT('',#3495);
#1141=VERTEX_POINT('',#3497);
#1142=VERTEX_POINT('',#3500);
#1143=VERTEX_POINT('',#3501);
#1144=VERTEX_POINT('',#3503);
#1145=VERTEX_POINT('',#3505);
#1146=VERTEX_POINT('',#3507);
#1147=VERTEX_POINT('',#3509);
#1148=VERTEX_POINT('',#3512);
#1149=VERTEX_POINT('',#3513);
#1150=VERTEX_POINT('',#3515);
#1151=VERTEX_POINT('',#3517);
#1152=VERTEX_POINT('',#3520);
#1153=VERTEX_POINT('',#3521);
#1154=VERTEX_POINT('',#3523);
#1155=VERTEX_POINT('',#3525);
#1156=VERTEX_POINT('',#3528);
#1157=VERTEX_POINT('',#3529);
#1158=VERTEX_POINT('',#3531);
#1159=VERTEX_POINT('',#3533);
#1160=VERTEX_POINT('',#3536);
#1161=VERTEX_POINT('',#3537);
#1162=VERTEX_POINT('',#3539);
#1163=VERTEX_POINT('',#3541);
#1164=VERTEX_POINT('',#3544);
#1165=VERTEX_POINT('',#3545);
#1166=VERTEX_POINT('',#3547);
#1167=VERTEX_POINT('',#3549);
#1168=VERTEX_POINT('',#3552);
#1169=VERTEX_POINT('',#3553);
#1170=VERTEX_POINT('',#3555);
#1171=VERTEX_POINT('',#3557);
#1172=VERTEX_POINT('',#3560);
#1173=VERTEX_POINT('',#3561);
#1174=VERTEX_POINT('',#3563);
#1175=VERTEX_POINT('',#3565);
#1176=VERTEX_POINT('',#3573);
#1177=VERTEX_POINT('',#3574);
#1178=VERTEX_POINT('',#3576);
#1179=VERTEX_POINT('',#3578);
#1180=VERTEX_POINT('',#3581);
#1181=VERTEX_POINT('',#3582);
#1182=VERTEX_POINT('',#3584);
#1183=VERTEX_POINT('',#3586);
#1184=VERTEX_POINT('',#3588);
#1185=VERTEX_POINT('',#3590);
#1186=VERTEX_POINT('',#3593);
#1187=VERTEX_POINT('',#3594);
#1188=VERTEX_POINT('',#3596);
#1189=VERTEX_POINT('',#3598);
#1190=VERTEX_POINT('',#3601);
#1191=VERTEX_POINT('',#3602);
#1192=VERTEX_POINT('',#3604);
#1193=VERTEX_POINT('',#3606);
#1194=VERTEX_POINT('',#3609);
#1195=VERTEX_POINT('',#3610);
#1196=VERTEX_POINT('',#3612);
#1197=VERTEX_POINT('',#3614);
#1198=VERTEX_POINT('',#3617);
#1199=VERTEX_POINT('',#3618);
#1200=VERTEX_POINT('',#3620);
#1201=VERTEX_POINT('',#3622);
#1202=VERTEX_POINT('',#3625);
#1203=VERTEX_POINT('',#3626);
#1204=VERTEX_POINT('',#3628);
#1205=VERTEX_POINT('',#3630);
#1206=VERTEX_POINT('',#3633);
#1207=VERTEX_POINT('',#3634);
#1208=VERTEX_POINT('',#3636);
#1209=VERTEX_POINT('',#3638);
#1210=VERTEX_POINT('',#3641);
#1211=VERTEX_POINT('',#3642);
#1212=VERTEX_POINT('',#3644);
#1213=VERTEX_POINT('',#3646);
#1214=VERTEX_POINT('',#3735);
#1215=VERTEX_POINT('',#3736);
#1216=VERTEX_POINT('',#3738);
#1217=VERTEX_POINT('',#3740);
#1218=VERTEX_POINT('',#3743);
#1219=VERTEX_POINT('',#3744);
#1220=VERTEX_POINT('',#3746);
#1221=VERTEX_POINT('',#3748);
#1222=VERTEX_POINT('',#3752);
#1223=VERTEX_POINT('',#3753);
#1224=VERTEX_POINT('',#3755);
#1225=VERTEX_POINT('',#3757);
#1226=VERTEX_POINT('',#3759);
#1227=VERTEX_POINT('',#3761);
#1228=VERTEX_POINT('',#3763);
#1229=VERTEX_POINT('',#3765);
#1230=VERTEX_POINT('',#3769);
#1231=VERTEX_POINT('',#3770);
#1232=VERTEX_POINT('',#3772);
#1233=VERTEX_POINT('',#3774);
#1234=VERTEX_POINT('',#3778);
#1235=VERTEX_POINT('',#3779);
#1236=VERTEX_POINT('',#3781);
#1237=VERTEX_POINT('',#3783);
#1238=VERTEX_POINT('',#3787);
#1239=VERTEX_POINT('',#3789);
#1240=VERTEX_POINT('',#3792);
#1241=VERTEX_POINT('',#3794);
#1242=VERTEX_POINT('',#3797);
#1243=VERTEX_POINT('',#3799);
#1244=VERTEX_POINT('',#3802);
#1245=VERTEX_POINT('',#3804);
#1246=VERTEX_POINT('',#3807);
#1247=VERTEX_POINT('',#3808);
#1248=VERTEX_POINT('',#3810);
#1249=VERTEX_POINT('',#3812);
#1250=VERTEX_POINT('',#3816);
#1251=VERTEX_POINT('',#3818);
#1252=VERTEX_POINT('',#3820);
#1253=VERTEX_POINT('',#3822);
#1254=VERTEX_POINT('',#3829);
#1255=VERTEX_POINT('',#3830);
#1256=VERTEX_POINT('',#3832);
#1257=VERTEX_POINT('',#3834);
#1258=VERTEX_POINT('',#3852);
#1259=VERTEX_POINT('',#3856);
#1260=VERTEX_POINT('',#3860);
#1261=VERTEX_POINT('',#3864);
#1262=VERTEX_POINT('',#3878);
#1263=VERTEX_POINT('',#3879);
#1264=VERTEX_POINT('',#3881);
#1265=VERTEX_POINT('',#3883);
#1266=VERTEX_POINT('',#3887);
#1267=VERTEX_POINT('',#3888);
#1268=VERTEX_POINT('',#3890);
#1269=VERTEX_POINT('',#3892);
#1270=VERTEX_POINT('',#3896);
#1271=VERTEX_POINT('',#3897);
#1272=VERTEX_POINT('',#3899);
#1273=VERTEX_POINT('',#3901);
#1274=VERTEX_POINT('',#3905);
#1275=VERTEX_POINT('',#3906);
#1276=VERTEX_POINT('',#3908);
#1277=VERTEX_POINT('',#3910);
#1278=VERTEX_POINT('',#3914);
#1279=VERTEX_POINT('',#3916);
#1280=VERTEX_POINT('',#3920);
#1281=VERTEX_POINT('',#3922);
#1282=VERTEX_POINT('',#3926);
#1283=VERTEX_POINT('',#3927);
#1284=VERTEX_POINT('',#3929);
#1285=VERTEX_POINT('',#3931);
#1286=VERTEX_POINT('',#3935);
#1287=VERTEX_POINT('',#3937);
#1288=VERTEX_POINT('',#3941);
#1289=VERTEX_POINT('',#3943);
#1290=VERTEX_POINT('',#3947);
#1291=VERTEX_POINT('',#3948);
#1292=VERTEX_POINT('',#3950);
#1293=VERTEX_POINT('',#3952);
#1294=VERTEX_POINT('',#3956);
#1295=VERTEX_POINT('',#3958);
#1296=VERTEX_POINT('',#3962);
#1297=VERTEX_POINT('',#3964);
#1298=VERTEX_POINT('',#3968);
#1299=VERTEX_POINT('',#3969);
#1300=VERTEX_POINT('',#3971);
#1301=VERTEX_POINT('',#3973);
#1302=VERTEX_POINT('',#3977);
#1303=VERTEX_POINT('',#3979);
#1304=VERTEX_POINT('',#3983);
#1305=VERTEX_POINT('',#3985);
#1306=VERTEX_POINT('',#3989);
#1307=VERTEX_POINT('',#3990);
#1308=VERTEX_POINT('',#3992);
#1309=VERTEX_POINT('',#3994);
#1310=VERTEX_POINT('',#3998);
#1311=VERTEX_POINT('',#4000);
#1312=VERTEX_POINT('',#4004);
#1313=VERTEX_POINT('',#4006);
#1314=VERTEX_POINT('',#4010);
#1315=VERTEX_POINT('',#4011);
#1316=VERTEX_POINT('',#4013);
#1317=VERTEX_POINT('',#4015);
#1318=VERTEX_POINT('',#4019);
#1319=VERTEX_POINT('',#4021);
#1320=VERTEX_POINT('',#4025);
#1321=VERTEX_POINT('',#4027);
#1322=VERTEX_POINT('',#4031);
#1323=VERTEX_POINT('',#4032);
#1324=VERTEX_POINT('',#4034);
#1325=VERTEX_POINT('',#4036);
#1326=VERTEX_POINT('',#4040);
#1327=VERTEX_POINT('',#4042);
#1328=VERTEX_POINT('',#4046);
#1329=VERTEX_POINT('',#4048);
#1330=VERTEX_POINT('',#4052);
#1331=VERTEX_POINT('',#4053);
#1332=VERTEX_POINT('',#4055);
#1333=VERTEX_POINT('',#4057);
#1334=VERTEX_POINT('',#4061);
#1335=VERTEX_POINT('',#4063);
#1336=VERTEX_POINT('',#4067);
#1337=VERTEX_POINT('',#4069);
#1338=VERTEX_POINT('',#4073);
#1339=VERTEX_POINT('',#4074);
#1340=VERTEX_POINT('',#4076);
#1341=VERTEX_POINT('',#4078);
#1342=VERTEX_POINT('',#4082);
#1343=VERTEX_POINT('',#4084);
#1344=VERTEX_POINT('',#4088);
#1345=VERTEX_POINT('',#4090);
#1346=VERTEX_POINT('',#4121);
#1347=VERTEX_POINT('',#4122);
#1348=VERTEX_POINT('',#4124);
#1349=VERTEX_POINT('',#4126);
#1350=LINE('',#3435,#1644);
#1351=LINE('',#3438,#1645);
#1352=LINE('',#3440,#1646);
#1353=LINE('',#3442,#1647);
#1354=LINE('',#3444,#1648);
#1355=LINE('',#3447,#1649);
#1356=LINE('',#3449,#1650);
#1357=LINE('',#3451,#1651);
#1358=LINE('',#3453,#1652);
#1359=LINE('',#3456,#1653);
#1360=LINE('',#3458,#1654);
#1361=LINE('',#3460,#1655);
#1362=LINE('',#3477,#1656);
#1363=LINE('',#3480,#1657);
#1364=LINE('',#3482,#1658);
#1365=LINE('',#3484,#1659);
#1366=LINE('',#3491,#1660);
#1367=LINE('',#3494,#1661);
#1368=LINE('',#3496,#1662);
#1369=LINE('',#3498,#1663);
#1370=LINE('',#3499,#1664);
#1371=LINE('',#3502,#1665);
#1372=LINE('',#3504,#1666);
#1373=LINE('',#3506,#1667);
#1374=LINE('',#3508,#1668);
#1375=LINE('',#3510,#1669);
#1376=LINE('',#3511,#1670);
#1377=LINE('',#3514,#1671);
#1378=LINE('',#3516,#1672);
#1379=LINE('',#3518,#1673);
#1380=LINE('',#3519,#1674);
#1381=LINE('',#3522,#1675);
#1382=LINE('',#3524,#1676);
#1383=LINE('',#3526,#1677);
#1384=LINE('',#3527,#1678);
#1385=LINE('',#3530,#1679);
#1386=LINE('',#3532,#1680);
#1387=LINE('',#3534,#1681);
#1388=LINE('',#3535,#1682);
#1389=LINE('',#3538,#1683);
#1390=LINE('',#3540,#1684);
#1391=LINE('',#3542,#1685);
#1392=LINE('',#3543,#1686);
#1393=LINE('',#3546,#1687);
#1394=LINE('',#3548,#1688);
#1395=LINE('',#3550,#1689);
#1396=LINE('',#3551,#1690);
#1397=LINE('',#3554,#1691);
#1398=LINE('',#3556,#1692);
#1399=LINE('',#3558,#1693);
#1400=LINE('',#3559,#1694);
#1401=LINE('',#3562,#1695);
#1402=LINE('',#3564,#1696);
#1403=LINE('',#3566,#1697);
#1404=LINE('',#3572,#1698);
#1405=LINE('',#3575,#1699);
#1406=LINE('',#3577,#1700);
#1407=LINE('',#3579,#1701);
#1408=LINE('',#3580,#1702);
#1409=LINE('',#3583,#1703);
#1410=LINE('',#3585,#1704);
#1411=LINE('',#3587,#1705);
#1412=LINE('',#3589,#1706);
#1413=LINE('',#3591,#1707);
#1414=LINE('',#3592,#1708);
#1415=LINE('',#3595,#1709);
#1416=LINE('',#3597,#1710);
#1417=LINE('',#3599,#1711);
#1418=LINE('',#3600,#1712);
#1419=LINE('',#3603,#1713);
#1420=LINE('',#3605,#1714);
#1421=LINE('',#3607,#1715);
#1422=LINE('',#3608,#1716);
#1423=LINE('',#3611,#1717);
#1424=LINE('',#3613,#1718);
#1425=LINE('',#3615,#1719);
#1426=LINE('',#3616,#1720);
#1427=LINE('',#3619,#1721);
#1428=LINE('',#3621,#1722);
#1429=LINE('',#3623,#1723);
#1430=LINE('',#3624,#1724);
#1431=LINE('',#3627,#1725);
#1432=LINE('',#3629,#1726);
#1433=LINE('',#3631,#1727);
#1434=LINE('',#3632,#1728);
#1435=LINE('',#3635,#1729);
#1436=LINE('',#3637,#1730);
#1437=LINE('',#3639,#1731);
#1438=LINE('',#3640,#1732);
#1439=LINE('',#3643,#1733);
#1440=LINE('',#3645,#1734);
#1441=LINE('',#3647,#1735);
#1442=LINE('',#3653,#1736);
#1443=LINE('',#3654,#1737);
#1444=LINE('',#3656,#1738);
#1445=LINE('',#3658,#1739);
#1446=LINE('',#3661,#1740);
#1447=LINE('',#3662,#1741);
#1448=LINE('',#3664,#1742);
#1449=LINE('',#3666,#1743);
#1450=LINE('',#3669,#1744);
#1451=LINE('',#3670,#1745);
#1452=LINE('',#3672,#1746);
#1453=LINE('',#3674,#1747);
#1454=LINE('',#3677,#1748);
#1455=LINE('',#3678,#1749);
#1456=LINE('',#3680,#1750);
#1457=LINE('',#3682,#1751);
#1458=LINE('',#3685,#1752);
#1459=LINE('',#3686,#1753);
#1460=LINE('',#3688,#1754);
#1461=LINE('',#3690,#1755);
#1462=LINE('',#3693,#1756);
#1463=LINE('',#3694,#1757);
#1464=LINE('',#3696,#1758);
#1465=LINE('',#3698,#1759);
#1466=LINE('',#3701,#1760);
#1467=LINE('',#3702,#1761);
#1468=LINE('',#3704,#1762);
#1469=LINE('',#3706,#1763);
#1470=LINE('',#3709,#1764);
#1471=LINE('',#3710,#1765);
#1472=LINE('',#3712,#1766);
#1473=LINE('',#3714,#1767);
#1474=LINE('',#3716,#1768);
#1475=LINE('',#3718,#1769);
#1476=LINE('',#3721,#1770);
#1477=LINE('',#3722,#1771);
#1478=LINE('',#3724,#1772);
#1479=LINE('',#3726,#1773);
#1480=LINE('',#3734,#1774);
#1481=LINE('',#3737,#1775);
#1482=LINE('',#3739,#1776);
#1483=LINE('',#3741,#1777);
#1484=LINE('',#3742,#1778);
#1485=LINE('',#3745,#1779);
#1486=LINE('',#3747,#1780);
#1487=LINE('',#3749,#1781);
#1488=LINE('',#3751,#1782);
#1489=LINE('',#3754,#1783);
#1490=LINE('',#3756,#1784);
#1491=LINE('',#3758,#1785);
#1492=LINE('',#3760,#1786);
#1493=LINE('',#3762,#1787);
#1494=LINE('',#3764,#1788);
#1495=LINE('',#3766,#1789);
#1496=LINE('',#3768,#1790);
#1497=LINE('',#3771,#1791);
#1498=LINE('',#3773,#1792);
#1499=LINE('',#3775,#1793);
#1500=LINE('',#3777,#1794);
#1501=LINE('',#3780,#1795);
#1502=LINE('',#3782,#1796);
#1503=LINE('',#3784,#1797);
#1504=LINE('',#3806,#1798);
#1505=LINE('',#3809,#1799);
#1506=LINE('',#3811,#1800);
#1507=LINE('',#3813,#1801);
#1508=LINE('',#3828,#1802);
#1509=LINE('',#3831,#1803);
#1510=LINE('',#3833,#1804);
#1511=LINE('',#3835,#1805);
#1512=LINE('',#3837,#1806);
#1513=LINE('',#3838,#1807);
#1514=LINE('',#3840,#1808);
#1515=LINE('',#3841,#1809);
#1516=LINE('',#3848,#1810);
#1517=LINE('',#3849,#1811);
#1518=LINE('',#3871,#1812);
#1519=LINE('',#3873,#1813);
#1520=LINE('',#3877,#1814);
#1521=LINE('',#3880,#1815);
#1522=LINE('',#3882,#1816);
#1523=LINE('',#3884,#1817);
#1524=LINE('',#3886,#1818);
#1525=LINE('',#3889,#1819);
#1526=LINE('',#3891,#1820);
#1527=LINE('',#3893,#1821);
#1528=LINE('',#3895,#1822);
#1529=LINE('',#3898,#1823);
#1530=LINE('',#3900,#1824);
#1531=LINE('',#3902,#1825);
#1532=LINE('',#3904,#1826);
#1533=LINE('',#3907,#1827);
#1534=LINE('',#3909,#1828);
#1535=LINE('',#3911,#1829);
#1536=LINE('',#3913,#1830);
#1537=LINE('',#3915,#1831);
#1538=LINE('',#3917,#1832);
#1539=LINE('',#3919,#1833);
#1540=LINE('',#3921,#1834);
#1541=LINE('',#3923,#1835);
#1542=LINE('',#3925,#1836);
#1543=LINE('',#3928,#1837);
#1544=LINE('',#3930,#1838);
#1545=LINE('',#3932,#1839);
#1546=LINE('',#3934,#1840);
#1547=LINE('',#3936,#1841);
#1548=LINE('',#3938,#1842);
#1549=LINE('',#3940,#1843);
#1550=LINE('',#3942,#1844);
#1551=LINE('',#3944,#1845);
#1552=LINE('',#3946,#1846);
#1553=LINE('',#3949,#1847);
#1554=LINE('',#3951,#1848);
#1555=LINE('',#3953,#1849);
#1556=LINE('',#3955,#1850);
#1557=LINE('',#3957,#1851);
#1558=LINE('',#3959,#1852);
#1559=LINE('',#3961,#1853);
#1560=LINE('',#3963,#1854);
#1561=LINE('',#3965,#1855);
#1562=LINE('',#3967,#1856);
#1563=LINE('',#3970,#1857);
#1564=LINE('',#3972,#1858);
#1565=LINE('',#3974,#1859);
#1566=LINE('',#3976,#1860);
#1567=LINE('',#3978,#1861);
#1568=LINE('',#3980,#1862);
#1569=LINE('',#3982,#1863);
#1570=LINE('',#3984,#1864);
#1571=LINE('',#3986,#1865);
#1572=LINE('',#3988,#1866);
#1573=LINE('',#3991,#1867);
#1574=LINE('',#3993,#1868);
#1575=LINE('',#3995,#1869);
#1576=LINE('',#3997,#1870);
#1577=LINE('',#3999,#1871);
#1578=LINE('',#4001,#1872);
#1579=LINE('',#4003,#1873);
#1580=LINE('',#4005,#1874);
#1581=LINE('',#4007,#1875);
#1582=LINE('',#4009,#1876);
#1583=LINE('',#4012,#1877);
#1584=LINE('',#4014,#1878);
#1585=LINE('',#4016,#1879);
#1586=LINE('',#4018,#1880);
#1587=LINE('',#4020,#1881);
#1588=LINE('',#4022,#1882);
#1589=LINE('',#4024,#1883);
#1590=LINE('',#4026,#1884);
#1591=LINE('',#4028,#1885);
#1592=LINE('',#4030,#1886);
#1593=LINE('',#4033,#1887);
#1594=LINE('',#4035,#1888);
#1595=LINE('',#4037,#1889);
#1596=LINE('',#4039,#1890);
#1597=LINE('',#4041,#1891);
#1598=LINE('',#4043,#1892);
#1599=LINE('',#4045,#1893);
#1600=LINE('',#4047,#1894);
#1601=LINE('',#4049,#1895);
#1602=LINE('',#4051,#1896);
#1603=LINE('',#4054,#1897);
#1604=LINE('',#4056,#1898);
#1605=LINE('',#4058,#1899);
#1606=LINE('',#4060,#1900);
#1607=LINE('',#4062,#1901);
#1608=LINE('',#4064,#1902);
#1609=LINE('',#4066,#1903);
#1610=LINE('',#4068,#1904);
#1611=LINE('',#4070,#1905);
#1612=LINE('',#4072,#1906);
#1613=LINE('',#4075,#1907);
#1614=LINE('',#4077,#1908);
#1615=LINE('',#4079,#1909);
#1616=LINE('',#4081,#1910);
#1617=LINE('',#4083,#1911);
#1618=LINE('',#4085,#1912);
#1619=LINE('',#4087,#1913);
#1620=LINE('',#4089,#1914);
#1621=LINE('',#4091,#1915);
#1622=LINE('',#4093,#1916);
#1623=LINE('',#4094,#1917);
#1624=LINE('',#4096,#1918);
#1625=LINE('',#4097,#1919);
#1626=LINE('',#4099,#1920);
#1627=LINE('',#4100,#1921);
#1628=LINE('',#4102,#1922);
#1629=LINE('',#4103,#1923);
#1630=LINE('',#4105,#1924);
#1631=LINE('',#4106,#1925);
#1632=LINE('',#4108,#1926);
#1633=LINE('',#4109,#1927);
#1634=LINE('',#4111,#1928);
#1635=LINE('',#4112,#1929);
#1636=LINE('',#4114,#1930);
#1637=LINE('',#4115,#1931);
#1638=LINE('',#4117,#1932);
#1639=LINE('',#4118,#1933);
#1640=LINE('',#4120,#1934);
#1641=LINE('',#4123,#1935);
#1642=LINE('',#4125,#1936);
#1643=LINE('',#4127,#1937);
#1644=VECTOR('',#2785,1.);
#1645=VECTOR('',#2786,1.);
#1646=VECTOR('',#2787,1.);
#1647=VECTOR('',#2788,1.);
#1648=VECTOR('',#2791,1.);
#1649=VECTOR('',#2792,1.);
#1650=VECTOR('',#2793,1.);
#1651=VECTOR('',#2794,1.);
#1652=VECTOR('',#2797,1.);
#1653=VECTOR('',#2798,1.);
#1654=VECTOR('',#2799,1.);
#1655=VECTOR('',#2800,1.);
#1656=VECTOR('',#2821,1.);
#1657=VECTOR('',#2822,1.);
#1658=VECTOR('',#2823,1.);
#1659=VECTOR('',#2824,1.);
#1660=VECTOR('',#2833,1.);
#1661=VECTOR('',#2834,1.);
#1662=VECTOR('',#2835,1.);
#1663=VECTOR('',#2836,1.);
#1664=VECTOR('',#2837,1.);
#1665=VECTOR('',#2838,1.);
#1666=VECTOR('',#2839,1.);
#1667=VECTOR('',#2840,1.);
#1668=VECTOR('',#2841,1.);
#1669=VECTOR('',#2842,1.);
#1670=VECTOR('',#2843,1.);
#1671=VECTOR('',#2844,1.);
#1672=VECTOR('',#2845,1.);
#1673=VECTOR('',#2846,1.);
#1674=VECTOR('',#2847,1.);
#1675=VECTOR('',#2848,1.);
#1676=VECTOR('',#2849,1.);
#1677=VECTOR('',#2850,1.);
#1678=VECTOR('',#2851,1.);
#1679=VECTOR('',#2852,1.);
#1680=VECTOR('',#2853,1.);
#1681=VECTOR('',#2854,1.);
#1682=VECTOR('',#2855,1.);
#1683=VECTOR('',#2856,1.);
#1684=VECTOR('',#2857,1.);
#1685=VECTOR('',#2858,1.);
#1686=VECTOR('',#2859,1.);
#1687=VECTOR('',#2860,1.);
#1688=VECTOR('',#2861,1.);
#1689=VECTOR('',#2862,1.);
#1690=VECTOR('',#2863,1.);
#1691=VECTOR('',#2864,1.);
#1692=VECTOR('',#2865,1.);
#1693=VECTOR('',#2866,1.);
#1694=VECTOR('',#2867,1.);
#1695=VECTOR('',#2868,1.);
#1696=VECTOR('',#2869,1.);
#1697=VECTOR('',#2870,1.);
#1698=VECTOR('',#2881,1.);
#1699=VECTOR('',#2882,1.);
#1700=VECTOR('',#2883,1.);
#1701=VECTOR('',#2884,1.);
#1702=VECTOR('',#2885,1.);
#1703=VECTOR('',#2886,1.);
#1704=VECTOR('',#2887,1.);
#1705=VECTOR('',#2888,1.);
#1706=VECTOR('',#2889,1.);
#1707=VECTOR('',#2890,1.);
#1708=VECTOR('',#2891,1.);
#1709=VECTOR('',#2892,1.);
#1710=VECTOR('',#2893,1.);
#1711=VECTOR('',#2894,1.);
#1712=VECTOR('',#2895,1.);
#1713=VECTOR('',#2896,1.);
#1714=VECTOR('',#2897,1.);
#1715=VECTOR('',#2898,1.);
#1716=VECTOR('',#2899,1.);
#1717=VECTOR('',#2900,1.);
#1718=VECTOR('',#2901,1.);
#1719=VECTOR('',#2902,1.);
#1720=VECTOR('',#2903,1.);
#1721=VECTOR('',#2904,1.);
#1722=VECTOR('',#2905,1.);
#1723=VECTOR('',#2906,1.);
#1724=VECTOR('',#2907,1.);
#1725=VECTOR('',#2908,1.);
#1726=VECTOR('',#2909,1.);
#1727=VECTOR('',#2910,1.);
#1728=VECTOR('',#2911,1.);
#1729=VECTOR('',#2912,1.);
#1730=VECTOR('',#2913,1.);
#1731=VECTOR('',#2914,1.);
#1732=VECTOR('',#2915,1.);
#1733=VECTOR('',#2916,1.);
#1734=VECTOR('',#2917,1.);
#1735=VECTOR('',#2918,1.);
#1736=VECTOR('',#2929,1.);
#1737=VECTOR('',#2930,1.);
#1738=VECTOR('',#2933,1.);
#1739=VECTOR('',#2936,1.);
#1740=VECTOR('',#2941,1.);
#1741=VECTOR('',#2942,1.);
#1742=VECTOR('',#2945,1.);
#1743=VECTOR('',#2948,1.);
#1744=VECTOR('',#2953,1.);
#1745=VECTOR('',#2954,1.);
#1746=VECTOR('',#2957,1.);
#1747=VECTOR('',#2960,1.);
#1748=VECTOR('',#2965,1.);
#1749=VECTOR('',#2966,1.);
#1750=VECTOR('',#2969,1.);
#1751=VECTOR('',#2972,1.);
#1752=VECTOR('',#2977,1.);
#1753=VECTOR('',#2978,1.);
#1754=VECTOR('',#2981,1.);
#1755=VECTOR('',#2984,1.);
#1756=VECTOR('',#2989,1.);
#1757=VECTOR('',#2990,1.);
#1758=VECTOR('',#2993,1.);
#1759=VECTOR('',#2996,1.);
#1760=VECTOR('',#3001,1.);
#1761=VECTOR('',#3002,1.);
#1762=VECTOR('',#3005,1.);
#1763=VECTOR('',#3008,1.);
#1764=VECTOR('',#3013,1.);
#1765=VECTOR('',#3014,1.);
#1766=VECTOR('',#3017,1.);
#1767=VECTOR('',#3020,1.);
#1768=VECTOR('',#3023,1.);
#1769=VECTOR('',#3026,1.);
#1770=VECTOR('',#3031,1.);
#1771=VECTOR('',#3032,1.);
#1772=VECTOR('',#3035,1.);
#1773=VECTOR('',#3038,1.);
#1774=VECTOR('',#3053,1.);
#1775=VECTOR('',#3054,1.);
#1776=VECTOR('',#3055,1.);
#1777=VECTOR('',#3056,1.);
#1778=VECTOR('',#3057,1.);
#1779=VECTOR('',#3058,1.);
#1780=VECTOR('',#3059,1.);
#1781=VECTOR('',#3060,1.);
#1782=VECTOR('',#3063,1.);
#1783=VECTOR('',#3064,1.);
#1784=VECTOR('',#3065,1.);
#1785=VECTOR('',#3066,1.);
#1786=VECTOR('',#3067,1.);
#1787=VECTOR('',#3068,1.);
#1788=VECTOR('',#3069,1.);
#1789=VECTOR('',#3070,1.);
#1790=VECTOR('',#3073,1.);
#1791=VECTOR('',#3074,1.);
#1792=VECTOR('',#3075,1.);
#1793=VECTOR('',#3076,1.);
#1794=VECTOR('',#3079,1.);
#1795=VECTOR('',#3080,1.);
#1796=VECTOR('',#3081,1.);
#1797=VECTOR('',#3082,1.);
#1798=VECTOR('',#3109,1.);
#1799=VECTOR('',#3110,1.);
#1800=VECTOR('',#3111,1.);
#1801=VECTOR('',#3112,1.);
#1802=VECTOR('',#3133,1.);
#1803=VECTOR('',#3134,1.);
#1804=VECTOR('',#3135,1.);
#1805=VECTOR('',#3136,1.);
#1806=VECTOR('',#3139,1.);
#1807=VECTOR('',#3140,1.);
#1808=VECTOR('',#3143,1.);
#1809=VECTOR('',#3144,1.);
#1810=VECTOR('',#3157,1.);
#1811=VECTOR('',#3158,1.);
#1812=VECTOR('',#3193,1.);
#1813=VECTOR('',#3196,1.);
#1814=VECTOR('',#3203,1.);
#1815=VECTOR('',#3204,1.);
#1816=VECTOR('',#3205,1.);
#1817=VECTOR('',#3206,1.);
#1818=VECTOR('',#3209,1.);
#1819=VECTOR('',#3210,1.);
#1820=VECTOR('',#3211,1.);
#1821=VECTOR('',#3212,1.);
#1822=VECTOR('',#3215,1.);
#1823=VECTOR('',#3216,1.);
#1824=VECTOR('',#3217,1.);
#1825=VECTOR('',#3218,1.);
#1826=VECTOR('',#3221,1.);
#1827=VECTOR('',#3222,1.);
#1828=VECTOR('',#3223,1.);
#1829=VECTOR('',#3224,1.);
#1830=VECTOR('',#3227,1.);
#1831=VECTOR('',#3228,1.);
#1832=VECTOR('',#3229,1.);
#1833=VECTOR('',#3232,1.);
#1834=VECTOR('',#3233,1.);
#1835=VECTOR('',#3234,1.);
#1836=VECTOR('',#3237,1.);
#1837=VECTOR('',#3238,1.);
#1838=VECTOR('',#3239,1.);
#1839=VECTOR('',#3240,1.);
#1840=VECTOR('',#3243,1.);
#1841=VECTOR('',#3244,1.);
#1842=VECTOR('',#3245,1.);
#1843=VECTOR('',#3248,1.);
#1844=VECTOR('',#3249,1.);
#1845=VECTOR('',#3250,1.);
#1846=VECTOR('',#3253,1.);
#1847=VECTOR('',#3254,1.);
#1848=VECTOR('',#3255,1.);
#1849=VECTOR('',#3256,1.);
#1850=VECTOR('',#3259,1.);
#1851=VECTOR('',#3260,1.);
#1852=VECTOR('',#3261,1.);
#1853=VECTOR('',#3264,1.);
#1854=VECTOR('',#3265,1.);
#1855=VECTOR('',#3266,1.);
#1856=VECTOR('',#3269,1.);
#1857=VECTOR('',#3270,1.);
#1858=VECTOR('',#3271,1.);
#1859=VECTOR('',#3272,1.);
#1860=VECTOR('',#3275,1.);
#1861=VECTOR('',#3276,1.);
#1862=VECTOR('',#3277,1.);
#1863=VECTOR('',#3280,1.);
#1864=VECTOR('',#3281,1.);
#1865=VECTOR('',#3282,1.);
#1866=VECTOR('',#3285,1.);
#1867=VECTOR('',#3286,1.);
#1868=VECTOR('',#3287,1.);
#1869=VECTOR('',#3288,1.);
#1870=VECTOR('',#3291,1.);
#1871=VECTOR('',#3292,1.);
#1872=VECTOR('',#3293,1.);
#1873=VECTOR('',#3296,1.);
#1874=VECTOR('',#3297,1.);
#1875=VECTOR('',#3298,1.);
#1876=VECTOR('',#3301,1.);
#1877=VECTOR('',#3302,1.);
#1878=VECTOR('',#3303,1.);
#1879=VECTOR('',#3304,1.);
#1880=VECTOR('',#3307,1.);
#1881=VECTOR('',#3308,1.);
#1882=VECTOR('',#3309,1.);
#1883=VECTOR('',#3312,1.);
#1884=VECTOR('',#3313,1.);
#1885=VECTOR('',#3314,1.);
#1886=VECTOR('',#3317,1.);
#1887=VECTOR('',#3318,1.);
#1888=VECTOR('',#3319,1.);
#1889=VECTOR('',#3320,1.);
#1890=VECTOR('',#3323,1.);
#1891=VECTOR('',#3324,1.);
#1892=VECTOR('',#3325,1.);
#1893=VECTOR('',#3328,1.);
#1894=VECTOR('',#3329,1.);
#1895=VECTOR('',#3330,1.);
#1896=VECTOR('',#3333,1.);
#1897=VECTOR('',#3334,1.);
#1898=VECTOR('',#3335,1.);
#1899=VECTOR('',#3336,1.);
#1900=VECTOR('',#3339,1.);
#1901=VECTOR('',#3340,1.);
#1902=VECTOR('',#3341,1.);
#1903=VECTOR('',#3344,1.);
#1904=VECTOR('',#3345,1.);
#1905=VECTOR('',#3346,1.);
#1906=VECTOR('',#3349,1.);
#1907=VECTOR('',#3350,1.);
#1908=VECTOR('',#3351,1.);
#1909=VECTOR('',#3352,1.);
#1910=VECTOR('',#3355,1.);
#1911=VECTOR('',#3356,1.);
#1912=VECTOR('',#3357,1.);
#1913=VECTOR('',#3360,1.);
#1914=VECTOR('',#3361,1.);
#1915=VECTOR('',#3362,1.);
#1916=VECTOR('',#3365,1.);
#1917=VECTOR('',#3366,1.);
#1918=VECTOR('',#3369,1.);
#1919=VECTOR('',#3370,1.);
#1920=VECTOR('',#3373,1.);
#1921=VECTOR('',#3374,1.);
#1922=VECTOR('',#3377,1.);
#1923=VECTOR('',#3378,1.);
#1924=VECTOR('',#3381,1.);
#1925=VECTOR('',#3382,1.);
#1926=VECTOR('',#3385,1.);
#1927=VECTOR('',#3386,1.);
#1928=VECTOR('',#3389,1.);
#1929=VECTOR('',#3390,1.);
#1930=VECTOR('',#3393,1.);
#1931=VECTOR('',#3394,1.);
#1932=VECTOR('',#3397,1.);
#1933=VECTOR('',#3398,1.);
#1934=VECTOR('',#3401,1.);
#1935=VECTOR('',#3402,1.);
#1936=VECTOR('',#3403,1.);
#1937=VECTOR('',#3404,1.);
#1938=EDGE_LOOP('',(#88,#89,#90,#91));
#1939=EDGE_LOOP('',(#92,#93,#94,#95));
#1940=EDGE_LOOP('',(#96,#97,#98,#99));
#1941=EDGE_LOOP('',(#100));
#1942=EDGE_LOOP('',(#101));
#1943=EDGE_LOOP('',(#102));
#1944=EDGE_LOOP('',(#103));
#1945=EDGE_LOOP('',(#104));
#1946=EDGE_LOOP('',(#105));
#1947=EDGE_LOOP('',(#106,#107,#108,#109));
#1948=EDGE_LOOP('',(#110));
#1949=EDGE_LOOP('',(#111));
#1950=EDGE_LOOP('',(#112,#113,#114,#115));
#1951=EDGE_LOOP('',(#116,#117,#118,#119,#120,#121));
#1952=EDGE_LOOP('',(#122,#123,#124,#125));
#1953=EDGE_LOOP('',(#126,#127,#128,#129));
#1954=EDGE_LOOP('',(#130,#131,#132,#133));
#1955=EDGE_LOOP('',(#134,#135,#136,#137));
#1956=EDGE_LOOP('',(#138,#139,#140,#141));
#1957=EDGE_LOOP('',(#142,#143,#144,#145));
#1958=EDGE_LOOP('',(#146,#147,#148,#149));
#1959=EDGE_LOOP('',(#150,#151,#152,#153,#154,#155,#156,#157));
#1960=EDGE_LOOP('',(#158));
#1961=EDGE_LOOP('',(#159));
#1962=EDGE_LOOP('',(#160));
#1963=EDGE_LOOP('',(#161));
#1964=EDGE_LOOP('',(#162,#163,#164,#165));
#1965=EDGE_LOOP('',(#166,#167,#168,#169,#170,#171));
#1966=EDGE_LOOP('',(#172,#173,#174,#175));
#1967=EDGE_LOOP('',(#176,#177,#178,#179));
#1968=EDGE_LOOP('',(#180,#181,#182,#183));
#1969=EDGE_LOOP('',(#184,#185,#186,#187));
#1970=EDGE_LOOP('',(#188,#189,#190,#191));
#1971=EDGE_LOOP('',(#192,#193,#194,#195));
#1972=EDGE_LOOP('',(#196,#197,#198,#199));
#1973=EDGE_LOOP('',(#200,#201,#202,#203,#204,#205,#206,#207));
#1974=EDGE_LOOP('',(#208));
#1975=EDGE_LOOP('',(#209));
#1976=EDGE_LOOP('',(#210));
#1977=EDGE_LOOP('',(#211));
#1978=EDGE_LOOP('',(#212,#213,#214,#215));
#1979=EDGE_LOOP('',(#216,#217,#218,#219));
#1980=EDGE_LOOP('',(#220,#221,#222,#223));
#1981=EDGE_LOOP('',(#224,#225,#226,#227));
#1982=EDGE_LOOP('',(#228,#229,#230,#231));
#1983=EDGE_LOOP('',(#232,#233,#234,#235));
#1984=EDGE_LOOP('',(#236,#237,#238,#239));
#1985=EDGE_LOOP('',(#240,#241,#242,#243));
#1986=EDGE_LOOP('',(#244,#245,#246,#247));
#1987=EDGE_LOOP('',(#248,#249,#250,#251));
#1988=EDGE_LOOP('',(#252,#253,#254,#255));
#1989=EDGE_LOOP('',(#256,#257,#258,#259));
#1990=EDGE_LOOP('',(#260,#261,#262,#263));
#1991=EDGE_LOOP('',(#264,#265,#266,#267));
#1992=EDGE_LOOP('',(#268,#269,#270,#271));
#1993=EDGE_LOOP('',(#272,#273,#274,#275));
#1994=EDGE_LOOP('',(#276,#277,#278,#279));
#1995=EDGE_LOOP('',(#280,#281,#282,#283));
#1996=EDGE_LOOP('',(#284,#285,#286,#287));
#1997=EDGE_LOOP('',(#288,#289,#290,#291));
#1998=EDGE_LOOP('',(#292,#293,#294,#295));
#1999=EDGE_LOOP('',(#296,#297,#298,#299));
#2000=EDGE_LOOP('',(#300,#301,#302,#303));
#2001=EDGE_LOOP('',(#304,#305,#306,#307));
#2002=EDGE_LOOP('',(#308,#309,#310,#311));
#2003=EDGE_LOOP('',(#312,#313,#314,#315));
#2004=EDGE_LOOP('',(#316,#317,#318,#319));
#2005=EDGE_LOOP('',(#320,#321,#322,#323));
#2006=EDGE_LOOP('',(#324,#325,#326,#327));
#2007=EDGE_LOOP('',(#328,#329,#330,#331));
#2008=EDGE_LOOP('',(#332,#333,#334,#335));
#2009=EDGE_LOOP('',(#336,#337,#338,#339));
#2010=EDGE_LOOP('',(#340,#341,#342,#343));
#2011=EDGE_LOOP('',(#344,#345,#346,#347));
#2012=EDGE_LOOP('',(#348,#349,#350,#351));
#2013=EDGE_LOOP('',(#352,#353,#354,#355));
#2014=EDGE_LOOP('',(#356,#357,#358,#359));
#2015=EDGE_LOOP('',(#360,#361,#362,#363));
#2016=EDGE_LOOP('',(#364,#365,#366,#367));
#2017=EDGE_LOOP('',(#368,#369,#370,#371));
#2018=EDGE_LOOP('',(#372,#373,#374,#375));
#2019=EDGE_LOOP('',(#376,#377,#378,#379));
#2020=EDGE_LOOP('',(#380,#381,#382,#383));
#2021=EDGE_LOOP('',(#384,#385,#386,#387));
#2022=EDGE_LOOP('',(#388,#389,#390,#391,#392,#393,#394,#395));
#2023=EDGE_LOOP('',(#396,#397,#398,#399));
#2024=EDGE_LOOP('',(#400,#401,#402,#403));
#2025=EDGE_LOOP('',(#404));
#2026=EDGE_LOOP('',(#405));
#2027=EDGE_LOOP('',(#406));
#2028=EDGE_LOOP('',(#407));
#2029=EDGE_LOOP('',(#408));
#2030=EDGE_LOOP('',(#409));
#2031=EDGE_LOOP('',(#410));
#2032=EDGE_LOOP('',(#411));
#2033=EDGE_LOOP('',(#412,#413,#414,#415));
#2034=EDGE_LOOP('',(#416));
#2035=EDGE_LOOP('',(#417));
#2036=EDGE_LOOP('',(#418));
#2037=EDGE_LOOP('',(#419));
#2038=EDGE_LOOP('',(#420,#421,#422,#423,#424,#425,#426,#427));
#2039=EDGE_LOOP('',(#428,#429,#430,#431));
#2040=EDGE_LOOP('',(#432,#433,#434,#435));
#2041=EDGE_LOOP('',(#436,#437,#438,#439));
#2042=EDGE_LOOP('',(#440,#441,#442,#443));
#2043=EDGE_LOOP('',(#444));
#2044=EDGE_LOOP('',(#445));
#2045=EDGE_LOOP('',(#446));
#2046=EDGE_LOOP('',(#447));
#2047=EDGE_LOOP('',(#448,#449,#450,#451,#452,#453,#454,#455));
#2048=EDGE_LOOP('',(#456,#457,#458,#459,#460,#461,#462,#463));
#2049=EDGE_LOOP('',(#464));
#2050=EDGE_LOOP('',(#465));
#2051=EDGE_LOOP('',(#466));
#2052=EDGE_LOOP('',(#467));
#2053=EDGE_LOOP('',(#468));
#2054=EDGE_LOOP('',(#469));
#2055=EDGE_LOOP('',(#470));
#2056=EDGE_LOOP('',(#471));
#2057=EDGE_LOOP('',(#472));
#2058=EDGE_LOOP('',(#473));
#2059=EDGE_LOOP('',(#474));
#2060=EDGE_LOOP('',(#475));
#2061=EDGE_LOOP('',(#476));
#2062=EDGE_LOOP('',(#477));
#2063=EDGE_LOOP('',(#478));
#2064=EDGE_LOOP('',(#479));
#2065=EDGE_LOOP('',(#480,#481,#482,#483));
#2066=EDGE_LOOP('',(#484,#485,#486,#487));
#2067=EDGE_LOOP('',(#488,#489,#490,#491));
#2068=EDGE_LOOP('',(#492,#493,#494,#495));
#2069=EDGE_LOOP('',(#496,#497,#498,#499));
#2070=EDGE_LOOP('',(#500,#501,#502,#503));
#2071=EDGE_LOOP('',(#504,#505,#506,#507));
#2072=EDGE_LOOP('',(#508,#509,#510,#511));
#2073=EDGE_LOOP('',(#512,#513,#514,#515));
#2074=EDGE_LOOP('',(#516,#517,#518,#519));
#2075=EDGE_LOOP('',(#520,#521,#522,#523));
#2076=EDGE_LOOP('',(#524,#525,#526,#527));
#2077=EDGE_LOOP('',(#528,#529,#530,#531));
#2078=EDGE_LOOP('',(#532,#533,#534,#535));
#2079=EDGE_LOOP('',(#536,#537,#538,#539));
#2080=EDGE_LOOP('',(#540,#541,#542,#543));
#2081=EDGE_LOOP('',(#544,#545,#546,#547));
#2082=EDGE_LOOP('',(#548,#549,#550,#551));
#2083=EDGE_LOOP('',(#552,#553,#554,#555));
#2084=EDGE_LOOP('',(#556,#557,#558,#559));
#2085=EDGE_LOOP('',(#560,#561,#562,#563));
#2086=EDGE_LOOP('',(#564,#565,#566,#567));
#2087=EDGE_LOOP('',(#568,#569,#570,#571));
#2088=EDGE_LOOP('',(#572,#573,#574,#575));
#2089=EDGE_LOOP('',(#576,#577,#578,#579));
#2090=EDGE_LOOP('',(#580,#581,#582,#583));
#2091=EDGE_LOOP('',(#584,#585,#586,#587));
#2092=EDGE_LOOP('',(#588,#589,#590,#591));
#2093=EDGE_LOOP('',(#592,#593,#594,#595));
#2094=EDGE_LOOP('',(#596,#597,#598,#599));
#2095=EDGE_LOOP('',(#600,#601,#602,#603));
#2096=EDGE_LOOP('',(#604,#605,#606,#607));
#2097=EDGE_LOOP('',(#608,#609,#610,#611));
#2098=EDGE_LOOP('',(#612,#613,#614,#615));
#2099=EDGE_LOOP('',(#616,#617,#618,#619));
#2100=EDGE_LOOP('',(#620,#621,#622,#623));
#2101=EDGE_LOOP('',(#624,#625,#626,#627));
#2102=EDGE_LOOP('',(#628,#629,#630,#631));
#2103=EDGE_LOOP('',(#632,#633,#634,#635));
#2104=EDGE_LOOP('',(#636,#637,#638,#639));
#2105=EDGE_LOOP('',(#640,#641,#642,#643));
#2106=EDGE_LOOP('',(#644,#645,#646,#647));
#2107=EDGE_LOOP('',(#648,#649,#650,#651));
#2108=EDGE_LOOP('',(#652,#653,#654,#655));
#2109=EDGE_LOOP('',(#656,#657,#658,#659));
#2110=EDGE_LOOP('',(#660,#661,#662,#663));
#2111=EDGE_LOOP('',(#664,#665,#666,#667));
#2112=EDGE_LOOP('',(#668,#669,#670,#671));
#2113=EDGE_LOOP('',(#672,#673,#674,#675));
#2114=EDGE_LOOP('',(#676,#677,#678,#679));
#2115=EDGE_LOOP('',(#680,#681,#682,#683));
#2116=EDGE_LOOP('',(#684,#685,#686,#687));
#2117=EDGE_LOOP('',(#688,#689,#690,#691));
#2118=EDGE_LOOP('',(#692,#693,#694,#695));
#2119=EDGE_LOOP('',(#696,#697,#698,#699));
#2120=EDGE_LOOP('',(#700,#701,#702,#703));
#2121=EDGE_LOOP('',(#704,#705,#706,#707,#708,#709,#710,#711));
#2122=EDGE_LOOP('',(#712,#713,#714,#715));
#2123=EDGE_LOOP('',(#716,#717,#718,#719));
#2124=EDGE_LOOP('',(#720,#721,#722,#723));
#2125=EDGE_LOOP('',(#724,#725,#726,#727));
#2126=EDGE_LOOP('',(#728,#729,#730,#731));
#2127=EDGE_LOOP('',(#732,#733,#734,#735));
#2128=EDGE_LOOP('',(#736,#737,#738,#739));
#2129=EDGE_LOOP('',(#740,#741,#742,#743));
#2130=EDGE_LOOP('',(#744,#745,#746,#747));
#2131=EDGE_LOOP('',(#748,#749,#750,#751,#752,#753,#754,#755));
#2132=EDGE_LOOP('',(#756,#757,#758,#759));
#2133=EDGE_LOOP('',(#760,#761,#762,#763));
#2134=EDGE_LOOP('',(#764,#765,#766,#767));
#2135=EDGE_LOOP('',(#768,#769,#770,#771));
#2136=FACE_BOUND('',#1938,.T.);
#2137=FACE_BOUND('',#1939,.T.);
#2138=FACE_BOUND('',#1940,.T.);
#2139=FACE_BOUND('',#1941,.T.);
#2140=FACE_BOUND('',#1942,.T.);
#2141=FACE_BOUND('',#1943,.T.);
#2142=FACE_BOUND('',#1944,.T.);
#2143=FACE_BOUND('',#1945,.T.);
#2144=FACE_BOUND('',#1946,.T.);
#2145=FACE_BOUND('',#1947,.T.);
#2146=FACE_BOUND('',#1948,.T.);
#2147=FACE_BOUND('',#1949,.T.);
#2148=FACE_BOUND('',#1950,.T.);
#2149=FACE_BOUND('',#1951,.T.);
#2150=FACE_BOUND('',#1952,.T.);
#2151=FACE_BOUND('',#1953,.T.);
#2152=FACE_BOUND('',#1954,.T.);
#2153=FACE_BOUND('',#1955,.T.);
#2154=FACE_BOUND('',#1956,.T.);
#2155=FACE_BOUND('',#1957,.T.);
#2156=FACE_BOUND('',#1958,.T.);
#2157=FACE_BOUND('',#1959,.T.);
#2158=FACE_BOUND('',#1960,.T.);
#2159=FACE_BOUND('',#1961,.T.);
#2160=FACE_BOUND('',#1962,.T.);
#2161=FACE_BOUND('',#1963,.T.);
#2162=FACE_BOUND('',#1964,.T.);
#2163=FACE_BOUND('',#1965,.T.);
#2164=FACE_BOUND('',#1966,.T.);
#2165=FACE_BOUND('',#1967,.T.);
#2166=FACE_BOUND('',#1968,.T.);
#2167=FACE_BOUND('',#1969,.T.);
#2168=FACE_BOUND('',#1970,.T.);
#2169=FACE_BOUND('',#1971,.T.);
#2170=FACE_BOUND('',#1972,.T.);
#2171=FACE_BOUND('',#1973,.T.);
#2172=FACE_BOUND('',#1974,.T.);
#2173=FACE_BOUND('',#1975,.T.);
#2174=FACE_BOUND('',#1976,.T.);
#2175=FACE_BOUND('',#1977,.T.);
#2176=FACE_BOUND('',#1978,.T.);
#2177=FACE_BOUND('',#1979,.T.);
#2178=FACE_BOUND('',#1980,.T.);
#2179=FACE_BOUND('',#1981,.T.);
#2180=FACE_BOUND('',#1982,.T.);
#2181=FACE_BOUND('',#1983,.T.);
#2182=FACE_BOUND('',#1984,.T.);
#2183=FACE_BOUND('',#1985,.T.);
#2184=FACE_BOUND('',#1986,.T.);
#2185=FACE_BOUND('',#1987,.T.);
#2186=FACE_BOUND('',#1988,.T.);
#2187=FACE_BOUND('',#1989,.T.);
#2188=FACE_BOUND('',#1990,.T.);
#2189=FACE_BOUND('',#1991,.T.);
#2190=FACE_BOUND('',#1992,.T.);
#2191=FACE_BOUND('',#1993,.T.);
#2192=FACE_BOUND('',#1994,.T.);
#2193=FACE_BOUND('',#1995,.T.);
#2194=FACE_BOUND('',#1996,.T.);
#2195=FACE_BOUND('',#1997,.T.);
#2196=FACE_BOUND('',#1998,.T.);
#2197=FACE_BOUND('',#1999,.T.);
#2198=FACE_BOUND('',#2000,.T.);
#2199=FACE_BOUND('',#2001,.T.);
#2200=FACE_BOUND('',#2002,.T.);
#2201=FACE_BOUND('',#2003,.T.);
#2202=FACE_BOUND('',#2004,.T.);
#2203=FACE_BOUND('',#2005,.T.);
#2204=FACE_BOUND('',#2006,.T.);
#2205=FACE_BOUND('',#2007,.T.);
#2206=FACE_BOUND('',#2008,.T.);
#2207=FACE_BOUND('',#2009,.T.);
#2208=FACE_BOUND('',#2010,.T.);
#2209=FACE_BOUND('',#2011,.T.);
#2210=FACE_BOUND('',#2012,.T.);
#2211=FACE_BOUND('',#2013,.T.);
#2212=FACE_BOUND('',#2014,.T.);
#2213=FACE_BOUND('',#2015,.T.);
#2214=FACE_BOUND('',#2016,.T.);
#2215=FACE_BOUND('',#2017,.T.);
#2216=FACE_BOUND('',#2018,.T.);
#2217=FACE_BOUND('',#2019,.T.);
#2218=FACE_BOUND('',#2020,.T.);
#2219=FACE_BOUND('',#2021,.T.);
#2220=FACE_BOUND('',#2022,.T.);
#2221=FACE_BOUND('',#2023,.T.);
#2222=FACE_BOUND('',#2024,.T.);
#2223=FACE_BOUND('',#2025,.T.);
#2224=FACE_BOUND('',#2026,.T.);
#2225=FACE_BOUND('',#2027,.T.);
#2226=FACE_BOUND('',#2028,.T.);
#2227=FACE_BOUND('',#2029,.T.);
#2228=FACE_BOUND('',#2030,.T.);
#2229=FACE_BOUND('',#2031,.T.);
#2230=FACE_BOUND('',#2032,.T.);
#2231=FACE_BOUND('',#2033,.T.);
#2232=FACE_BOUND('',#2034,.T.);
#2233=FACE_BOUND('',#2035,.T.);
#2234=FACE_BOUND('',#2036,.T.);
#2235=FACE_BOUND('',#2037,.T.);
#2236=FACE_BOUND('',#2038,.T.);
#2237=FACE_BOUND('',#2039,.T.);
#2238=FACE_BOUND('',#2040,.T.);
#2239=FACE_BOUND('',#2041,.T.);
#2240=FACE_BOUND('',#2042,.T.);
#2241=FACE_BOUND('',#2043,.T.);
#2242=FACE_BOUND('',#2044,.T.);
#2243=FACE_BOUND('',#2045,.T.);
#2244=FACE_BOUND('',#2046,.T.);
#2245=FACE_BOUND('',#2047,.T.);
#2246=FACE_BOUND('',#2048,.T.);
#2247=FACE_BOUND('',#2049,.T.);
#2248=FACE_BOUND('',#2050,.T.);
#2249=FACE_BOUND('',#2051,.T.);
#2250=FACE_BOUND('',#2052,.T.);
#2251=FACE_BOUND('',#2053,.T.);
#2252=FACE_BOUND('',#2054,.T.);
#2253=FACE_BOUND('',#2055,.T.);
#2254=FACE_BOUND('',#2056,.T.);
#2255=FACE_BOUND('',#2057,.T.);
#2256=FACE_BOUND('',#2058,.T.);
#2257=FACE_BOUND('',#2059,.T.);
#2258=FACE_BOUND('',#2060,.T.);
#2259=FACE_BOUND('',#2061,.T.);
#2260=FACE_BOUND('',#2062,.T.);
#2261=FACE_BOUND('',#2063,.T.);
#2262=FACE_BOUND('',#2064,.T.);
#2263=FACE_BOUND('',#2065,.T.);
#2264=FACE_BOUND('',#2066,.T.);
#2265=FACE_BOUND('',#2067,.T.);
#2266=FACE_BOUND('',#2068,.T.);
#2267=FACE_BOUND('',#2069,.T.);
#2268=FACE_BOUND('',#2070,.T.);
#2269=FACE_BOUND('',#2071,.T.);
#2270=FACE_BOUND('',#2072,.T.);
#2271=FACE_BOUND('',#2073,.T.);
#2272=FACE_BOUND('',#2074,.T.);
#2273=FACE_BOUND('',#2075,.T.);
#2274=FACE_BOUND('',#2076,.T.);
#2275=FACE_BOUND('',#2077,.T.);
#2276=FACE_BOUND('',#2078,.T.);
#2277=FACE_BOUND('',#2079,.T.);
#2278=FACE_BOUND('',#2080,.T.);
#2279=FACE_BOUND('',#2081,.T.);
#2280=FACE_BOUND('',#2082,.T.);
#2281=FACE_BOUND('',#2083,.T.);
#2282=FACE_BOUND('',#2084,.T.);
#2283=FACE_BOUND('',#2085,.T.);
#2284=FACE_BOUND('',#2086,.T.);
#2285=FACE_BOUND('',#2087,.T.);
#2286=FACE_BOUND('',#2088,.T.);
#2287=FACE_BOUND('',#2089,.T.);
#2288=FACE_BOUND('',#2090,.T.);
#2289=FACE_BOUND('',#2091,.T.);
#2290=FACE_BOUND('',#2092,.T.);
#2291=FACE_BOUND('',#2093,.T.);
#2292=FACE_BOUND('',#2094,.T.);
#2293=FACE_BOUND('',#2095,.T.);
#2294=FACE_BOUND('',#2096,.T.);
#2295=FACE_BOUND('',#2097,.T.);
#2296=FACE_BOUND('',#2098,.T.);
#2297=FACE_BOUND('',#2099,.T.);
#2298=FACE_BOUND('',#2100,.T.);
#2299=FACE_BOUND('',#2101,.T.);
#2300=FACE_BOUND('',#2102,.T.);
#2301=FACE_BOUND('',#2103,.T.);
#2302=FACE_BOUND('',#2104,.T.);
#2303=FACE_BOUND('',#2105,.T.);
#2304=FACE_BOUND('',#2106,.T.);
#2305=FACE_BOUND('',#2107,.T.);
#2306=FACE_BOUND('',#2108,.T.);
#2307=FACE_BOUND('',#2109,.T.);
#2308=FACE_BOUND('',#2110,.T.);
#2309=FACE_BOUND('',#2111,.T.);
#2310=FACE_BOUND('',#2112,.T.);
#2311=FACE_BOUND('',#2113,.T.);
#2312=FACE_BOUND('',#2114,.T.);
#2313=FACE_BOUND('',#2115,.T.);
#2314=FACE_BOUND('',#2116,.T.);
#2315=FACE_BOUND('',#2117,.T.);
#2316=FACE_BOUND('',#2118,.T.);
#2317=FACE_BOUND('',#2119,.T.);
#2318=FACE_BOUND('',#2120,.T.);
#2319=FACE_BOUND('',#2121,.T.);
#2320=FACE_BOUND('',#2122,.T.);
#2321=FACE_BOUND('',#2123,.T.);
#2322=FACE_BOUND('',#2124,.T.);
#2323=FACE_BOUND('',#2125,.T.);
#2324=FACE_BOUND('',#2126,.T.);
#2325=FACE_BOUND('',#2127,.T.);
#2326=FACE_BOUND('',#2128,.T.);
#2327=FACE_BOUND('',#2129,.T.);
#2328=FACE_BOUND('',#2130,.T.);
#2329=FACE_BOUND('',#2131,.T.);
#2330=FACE_BOUND('',#2132,.T.);
#2331=FACE_BOUND('',#2133,.T.);
#2332=FACE_BOUND('',#2134,.T.);
#2333=FACE_BOUND('',#2135,.T.);
#2334=PLANE('',#2603);
#2335=PLANE('',#2604);
#2336=PLANE('',#2605);
#2337=PLANE('',#2615);
#2338=PLANE('',#2619);
#2339=PLANE('',#2624);
#2340=PLANE('',#2629);
#2341=PLANE('',#2630);
#2342=PLANE('',#2631);
#2343=PLANE('',#2632);
#2344=PLANE('',#2633);
#2345=PLANE('',#2634);
#2346=PLANE('',#2635);
#2347=PLANE('',#2636);
#2348=PLANE('',#2637);
#2349=PLANE('',#2638);
#2350=PLANE('',#2639);
#2351=PLANE('',#2640);
#2352=PLANE('',#2641);
#2353=PLANE('',#2642);
#2354=PLANE('',#2643);
#2355=PLANE('',#2644);
#2356=PLANE('',#2645);
#2357=PLANE('',#2646);
#2358=PLANE('',#2647);
#2359=PLANE('',#2648);
#2360=PLANE('',#2649);
#2361=PLANE('',#2650);
#2362=PLANE('',#2651);
#2363=PLANE('',#2652);
#2364=PLANE('',#2653);
#2365=PLANE('',#2654);
#2366=PLANE('',#2655);
#2367=PLANE('',#2656);
#2368=PLANE('',#2657);
#2369=PLANE('',#2658);
#2370=PLANE('',#2659);
#2371=PLANE('',#2660);
#2372=PLANE('',#2661);
#2373=PLANE('',#2662);
#2374=PLANE('',#2663);
#2375=PLANE('',#2664);
#2376=PLANE('',#2665);
#2377=PLANE('',#2666);
#2378=PLANE('',#2672);
#2379=PLANE('',#2673);
#2380=PLANE('',#2674);
#2381=PLANE('',#2675);
#2382=PLANE('',#2688);
#2383=PLANE('',#2689);
#2384=PLANE('',#2698);
#2385=PLANE('',#2699);
#2386=PLANE('',#2700);
#2387=PLANE('',#2701);
#2388=PLANE('',#2706);
#2389=PLANE('',#2709);
#2390=PLANE('',#2712);
#2391=PLANE('',#2715);
#2392=PLANE('',#2718);
#2393=PLANE('',#2723);
#2394=PLANE('',#2724);
#2395=PLANE('',#2725);
#2396=PLANE('',#2727);
#2397=PLANE('',#2728);
#2398=PLANE('',#2729);
#2399=PLANE('',#2730);
#2400=PLANE('',#2731);
#2401=PLANE('',#2732);
#2402=PLANE('',#2733);
#2403=PLANE('',#2734);
#2404=PLANE('',#2735);
#2405=PLANE('',#2736);
#2406=PLANE('',#2737);
#2407=PLANE('',#2738);
#2408=PLANE('',#2739);
#2409=PLANE('',#2740);
#2410=PLANE('',#2741);
#2411=PLANE('',#2742);
#2412=PLANE('',#2743);
#2413=PLANE('',#2744);
#2414=PLANE('',#2745);
#2415=PLANE('',#2746);
#2416=PLANE('',#2747);
#2417=PLANE('',#2748);
#2418=PLANE('',#2749);
#2419=PLANE('',#2750);
#2420=PLANE('',#2751);
#2421=PLANE('',#2752);
#2422=PLANE('',#2753);
#2423=PLANE('',#2754);
#2424=PLANE('',#2755);
#2425=PLANE('',#2756);
#2426=PLANE('',#2757);
#2427=PLANE('',#2758);
#2428=PLANE('',#2759);
#2429=PLANE('',#2760);
#2430=PLANE('',#2761);
#2431=PLANE('',#2762);
#2432=PLANE('',#2763);
#2433=PLANE('',#2764);
#2434=PLANE('',#2765);
#2435=PLANE('',#2766);
#2436=PLANE('',#2767);
#2437=PLANE('',#2772);
#2438=ADVANCED_FACE('',(#2136),#2334,.T.);
#2439=ADVANCED_FACE('',(#2137),#2335,.F.);
#2440=ADVANCED_FACE('',(#2138),#2336,.T.);
#2441=ADVANCED_FACE('',(#2139,#2140),#64,.F.);
#2442=ADVANCED_FACE('',(#2141,#2142),#65,.F.);
#2443=ADVANCED_FACE('',(#2143,#2144),#66,.F.);
#2444=ADVANCED_FACE('',(#2145),#2337,.T.);
#2445=ADVANCED_FACE('',(#2146,#2147),#67,.F.);
#2446=ADVANCED_FACE('',(#2148,#2149,#2150,#2151,#2152,#2153,#2154,#2155,
#2156,#2157,#2158,#2159,#2160,#2161),#2338,.T.);
#2447=ADVANCED_FACE('',(#2162,#2163,#2164,#2165,#2166,#2167,#2168,#2169,
#2170,#2171,#2172,#2173,#2174,#2175),#2339,.F.);
#2448=ADVANCED_FACE('',(#2176),#2340,.F.);
#2449=ADVANCED_FACE('',(#2177),#2341,.F.);
#2450=ADVANCED_FACE('',(#2178),#2342,.F.);
#2451=ADVANCED_FACE('',(#2179),#2343,.F.);
#2452=ADVANCED_FACE('',(#2180),#2344,.F.);
#2453=ADVANCED_FACE('',(#2181),#2345,.F.);
#2454=ADVANCED_FACE('',(#2182),#2346,.F.);
#2455=ADVANCED_FACE('',(#2183),#2347,.F.);
#2456=ADVANCED_FACE('',(#2184),#2348,.F.);
#2457=ADVANCED_FACE('',(#2185),#2349,.F.);
#2458=ADVANCED_FACE('',(#2186),#2350,.F.);
#2459=ADVANCED_FACE('',(#2187),#2351,.F.);
#2460=ADVANCED_FACE('',(#2188),#2352,.F.);
#2461=ADVANCED_FACE('',(#2189),#2353,.F.);
#2462=ADVANCED_FACE('',(#2190),#2354,.F.);
#2463=ADVANCED_FACE('',(#2191),#2355,.F.);
#2464=ADVANCED_FACE('',(#2192),#2356,.F.);
#2465=ADVANCED_FACE('',(#2193),#2357,.F.);
#2466=ADVANCED_FACE('',(#2194),#2358,.F.);
#2467=ADVANCED_FACE('',(#2195),#2359,.F.);
#2468=ADVANCED_FACE('',(#2196),#2360,.F.);
#2469=ADVANCED_FACE('',(#2197),#2361,.F.);
#2470=ADVANCED_FACE('',(#2198),#2362,.F.);
#2471=ADVANCED_FACE('',(#2199),#2363,.F.);
#2472=ADVANCED_FACE('',(#2200),#2364,.F.);
#2473=ADVANCED_FACE('',(#2201),#2365,.T.);
#2474=ADVANCED_FACE('',(#2202),#2366,.F.);
#2475=ADVANCED_FACE('',(#2203),#2367,.F.);
#2476=ADVANCED_FACE('',(#2204),#2368,.F.);
#2477=ADVANCED_FACE('',(#2205),#2369,.F.);
#2478=ADVANCED_FACE('',(#2206),#2370,.F.);
#2479=ADVANCED_FACE('',(#2207),#2371,.T.);
#2480=ADVANCED_FACE('',(#2208),#2372,.T.);
#2481=ADVANCED_FACE('',(#2209),#2373,.T.);
#2482=ADVANCED_FACE('',(#2210),#2374,.F.);
#2483=ADVANCED_FACE('',(#2211),#2375,.F.);
#2484=ADVANCED_FACE('',(#2212),#2376,.F.);
#2485=ADVANCED_FACE('',(#2213),#2377,.F.);
#2486=ADVANCED_FACE('',(#2214),#68,.T.);
#2487=ADVANCED_FACE('',(#2215),#69,.T.);
#2488=ADVANCED_FACE('',(#2216),#70,.T.);
#2489=ADVANCED_FACE('',(#2217),#71,.T.);
#2490=ADVANCED_FACE('',(#2218,#2219),#2378,.F.);
#2491=ADVANCED_FACE('',(#2220),#2379,.F.);
#2492=ADVANCED_FACE('',(#2221),#2380,.T.);
#2493=ADVANCED_FACE('',(#2222),#2381,.F.);
#2494=ADVANCED_FACE('',(#2223,#2224),#72,.F.);
#2495=ADVANCED_FACE('',(#2225,#2226),#73,.F.);
#2496=ADVANCED_FACE('',(#2227,#2228),#74,.F.);
#2497=ADVANCED_FACE('',(#2229,#2230),#75,.F.);
#2498=ADVANCED_FACE('',(#2231),#2382,.T.);
#2499=ADVANCED_FACE('',(#2232,#2233,#2234,#2235,#2236),#2383,.F.);
#2500=ADVANCED_FACE('',(#2237),#2384,.T.);
#2501=ADVANCED_FACE('',(#2238),#2385,.F.);
#2502=ADVANCED_FACE('',(#2239),#2386,.T.);
#2503=ADVANCED_FACE('',(#2240,#2241,#2242,#2243,#2244,#2245),#2387,.T.);
#2504=ADVANCED_FACE('',(#2246),#2388,.T.);
#2505=ADVANCED_FACE('',(#2247,#2248),#76,.F.);
#2506=ADVANCED_FACE('',(#2249,#2250),#2389,.F.);
#2507=ADVANCED_FACE('',(#2251,#2252),#77,.F.);
#2508=ADVANCED_FACE('',(#2253,#2254),#2390,.F.);
#2509=ADVANCED_FACE('',(#2255,#2256),#78,.F.);
#2510=ADVANCED_FACE('',(#2257,#2258),#2391,.F.);
#2511=ADVANCED_FACE('',(#2259,#2260),#79,.F.);
#2512=ADVANCED_FACE('',(#2261,#2262),#2392,.F.);
#2513=ADVANCED_FACE('',(#2263),#80,.T.);
#2514=ADVANCED_FACE('',(#2264),#81,.T.);
#2515=ADVANCED_FACE('',(#2265),#82,.T.);
#2516=ADVANCED_FACE('',(#2266),#83,.T.);
#2517=ADVANCED_FACE('',(#2267),#2393,.T.);
#2518=ADVANCED_FACE('',(#2268),#2394,.F.);
#2519=ADVANCED_FACE('',(#2269),#2395,.F.);
#2520=ADVANCED_FACE('',(#2270),#2396,.T.);
#2521=ADVANCED_FACE('',(#2271),#2397,.F.);
#2522=ADVANCED_FACE('',(#2272),#2398,.T.);
#2523=ADVANCED_FACE('',(#2273),#2399,.T.);
#2524=ADVANCED_FACE('',(#2274),#2400,.T.);
#2525=ADVANCED_FACE('',(#2275),#2401,.T.);
#2526=ADVANCED_FACE('',(#2276),#2402,.T.);
#2527=ADVANCED_FACE('',(#2277),#2403,.T.);
#2528=ADVANCED_FACE('',(#2278),#2404,.T.);
#2529=ADVANCED_FACE('',(#2279),#2405,.T.);
#2530=ADVANCED_FACE('',(#2280),#2406,.T.);
#2531=ADVANCED_FACE('',(#2281),#2407,.T.);
#2532=ADVANCED_FACE('',(#2282),#2408,.T.);
#2533=ADVANCED_FACE('',(#2283),#2409,.T.);
#2534=ADVANCED_FACE('',(#2284),#2410,.T.);
#2535=ADVANCED_FACE('',(#2285),#2411,.T.);
#2536=ADVANCED_FACE('',(#2286),#2412,.T.);
#2537=ADVANCED_FACE('',(#2287),#2413,.T.);
#2538=ADVANCED_FACE('',(#2288),#2414,.T.);
#2539=ADVANCED_FACE('',(#2289),#2415,.T.);
#2540=ADVANCED_FACE('',(#2290),#2416,.T.);
#2541=ADVANCED_FACE('',(#2291),#2417,.T.);
#2542=ADVANCED_FACE('',(#2292),#2418,.T.);
#2543=ADVANCED_FACE('',(#2293),#2419,.T.);
#2544=ADVANCED_FACE('',(#2294),#2420,.T.);
#2545=ADVANCED_FACE('',(#2295),#2421,.T.);
#2546=ADVANCED_FACE('',(#2296),#2422,.T.);
#2547=ADVANCED_FACE('',(#2297),#2423,.T.);
#2548=ADVANCED_FACE('',(#2298),#2424,.F.);
#2549=ADVANCED_FACE('',(#2299),#2425,.F.);
#2550=ADVANCED_FACE('',(#2300),#2426,.T.);
#2551=ADVANCED_FACE('',(#2301),#2427,.T.);
#2552=ADVANCED_FACE('',(#2302),#2428,.T.);
#2553=ADVANCED_FACE('',(#2303),#2429,.T.);
#2554=ADVANCED_FACE('',(#2304),#2430,.T.);
#2555=ADVANCED_FACE('',(#2305),#2431,.T.);
#2556=ADVANCED_FACE('',(#2306),#2432,.F.);
#2557=ADVANCED_FACE('',(#2307),#2433,.T.);
#2558=ADVANCED_FACE('',(#2308),#2434,.T.);
#2559=ADVANCED_FACE('',(#2309),#2435,.T.);
#2560=ADVANCED_FACE('',(#2310,#2311,#2312,#2313,#2314,#2315,#2316,#2317,
#2318,#2319),#2436,.T.);
#2561=ADVANCED_FACE('',(#2320,#2321,#2322,#2323,#2324,#2325,#2326,#2327,
#2328,#2329),#2437,.F.);
#2562=ADVANCED_FACE('',(#2330),#84,.T.);
#2563=ADVANCED_FACE('',(#2331),#85,.T.);
#2564=ADVANCED_FACE('',(#2332),#86,.T.);
#2565=ADVANCED_FACE('',(#2333),#87,.T.);
#2566=CLOSED_SHELL('',(#2438,#2439,#2440,#2441,#2442,#2443,#2444,#2445,
#2446,#2447,#2448,#2449,#2450,#2451,#2452,#2453,#2454,#2455,#2456,#2457,
#2458,#2459,#2460,#2461,#2462,#2463,#2464,#2465,#2466,#2467,#2468,#2469,
#2470,#2471,#2472,#2473,#2474,#2475,#2476,#2477,#2478,#2479,#2480,#2481,
#2482,#2483,#2484,#2485,#2486,#2487,#2488,#2489));
#2567=CLOSED_SHELL('',(#2490,#2491,#2492,#2493,#2494,#2495,#2496,#2497,
#2498,#2499,#2500,#2501,#2502,#2503,#2504,#2505,#2506,#2507,#2508,#2509,
#2510,#2511,#2512,#2513,#2514,#2515,#2516,#2517,#2518,#2519));
#2568=CLOSED_SHELL('',(#2520,#2521,#2522,#2523,#2524,#2525,#2526,#2527,
#2528,#2529,#2530,#2531,#2532,#2533,#2534,#2535,#2536,#2537,#2538,#2539,
#2540,#2541,#2542,#2543,#2544,#2545,#2546,#2547,#2548,#2549,#2550,#2551,
#2552,#2553,#2554,#2555,#2556,#2557,#2558,#2559,#2560,#2561,#2562,#2563,
#2564,#2565));
#2569=STYLED_ITEM('',(#2572),#2593);
#2570=STYLED_ITEM('',(#2573),#2594);
#2571=STYLED_ITEM('',(#2574),#2595);
#2572=PRESENTATION_STYLE_ASSIGNMENT((#2575));
#2573=PRESENTATION_STYLE_ASSIGNMENT((#2576));
#2574=PRESENTATION_STYLE_ASSIGNMENT((#2577));
#2575=SURFACE_STYLE_USAGE(.BOTH.,#2578);
#2576=SURFACE_STYLE_USAGE(.BOTH.,#2579);
#2577=SURFACE_STYLE_USAGE(.BOTH.,#2580);
#2578=SURFACE_SIDE_STYLE('',(#2581));
#2579=SURFACE_SIDE_STYLE('',(#2582));
#2580=SURFACE_SIDE_STYLE('',(#2583));
#2581=SURFACE_STYLE_FILL_AREA(#2584);
#2582=SURFACE_STYLE_FILL_AREA(#2585);
#2583=SURFACE_STYLE_FILL_AREA(#2586);
#2584=FILL_AREA_STYLE('',(#2587));
#2585=FILL_AREA_STYLE('',(#2588));
#2586=FILL_AREA_STYLE('',(#2589));
#2587=FILL_AREA_STYLE_COLOUR('',#2590);
#2588=FILL_AREA_STYLE_COLOUR('',#2591);
#2589=FILL_AREA_STYLE_COLOUR('',#2592);
#2590=COLOUR_RGB('',0.647058823529412,0.647058823529412,0.647058823529412);
#2591=COLOUR_RGB('',0.615686274509804,0.811764705882353,0.929411764705882);
#2592=COLOUR_RGB('',0.231372549019608,0.380392156862745,0.705882352941177);
#2593=MANIFOLD_SOLID_BREP('Part 2',#2566);
#2594=MANIFOLD_SOLID_BREP('Part 1',#2567);
#2595=MANIFOLD_SOLID_BREP('Part 3',#2568);
#2596=SHAPE_DEFINITION_REPRESENTATION(#4160,#2599);
#2597=SHAPE_DEFINITION_REPRESENTATION(#4161,#2600);
#2598=SHAPE_DEFINITION_REPRESENTATION(#4162,#2601);
#2599=SHAPE_REPRESENTATION('Part 2',(#2602),#4145);
#2600=SHAPE_REPRESENTATION('Part 1',(#2671),#4146);
#2601=SHAPE_REPRESENTATION('Part 3',(#2726),#4147);
#2602=AXIS2_PLACEMENT_3D('',#3433,#2781,#2782);
#2603=AXIS2_PLACEMENT_3D('',#3434,#2783,#2784);
#2604=AXIS2_PLACEMENT_3D('',#3443,#2789,#2790);
#2605=AXIS2_PLACEMENT_3D('',#3452,#2795,#2796);
#2606=AXIS2_PLACEMENT_3D('',#3461,#2801,#2802);
#2607=AXIS2_PLACEMENT_3D('',#3462,#2803,#2804);
#2608=AXIS2_PLACEMENT_3D('',#3464,#2805,#2806);
#2609=AXIS2_PLACEMENT_3D('',#3466,#2807,#2808);
#2610=AXIS2_PLACEMENT_3D('',#3467,#2809,#2810);
#2611=AXIS2_PLACEMENT_3D('',#3469,#2811,#2812);
#2612=AXIS2_PLACEMENT_3D('',#3471,#2813,#2814);
#2613=AXIS2_PLACEMENT_3D('',#3472,#2815,#2816);
#2614=AXIS2_PLACEMENT_3D('',#3474,#2817,#2818);
#2615=AXIS2_PLACEMENT_3D('',#3476,#2819,#2820);
#2616=AXIS2_PLACEMENT_3D('',#3485,#2825,#2826);
#2617=AXIS2_PLACEMENT_3D('',#3486,#2827,#2828);
#2618=AXIS2_PLACEMENT_3D('',#3488,#2829,#2830);
#2619=AXIS2_PLACEMENT_3D('',#3490,#2831,#2832);
#2620=AXIS2_PLACEMENT_3D('',#3567,#2871,#2872);
#2621=AXIS2_PLACEMENT_3D('',#3568,#2873,#2874);
#2622=AXIS2_PLACEMENT_3D('',#3569,#2875,#2876);
#2623=AXIS2_PLACEMENT_3D('',#3570,#2877,#2878);
#2624=AXIS2_PLACEMENT_3D('',#3571,#2879,#2880);
#2625=AXIS2_PLACEMENT_3D('',#3648,#2919,#2920);
#2626=AXIS2_PLACEMENT_3D('',#3649,#2921,#2922);
#2627=AXIS2_PLACEMENT_3D('',#3650,#2923,#2924);
#2628=AXIS2_PLACEMENT_3D('',#3651,#2925,#2926);
#2629=AXIS2_PLACEMENT_3D('',#3652,#2927,#2928);
#2630=AXIS2_PLACEMENT_3D('',#3655,#2931,#2932);
#2631=AXIS2_PLACEMENT_3D('',#3657,#2934,#2935);
#2632=AXIS2_PLACEMENT_3D('',#3659,#2937,#2938);
#2633=AXIS2_PLACEMENT_3D('',#3660,#2939,#2940);
#2634=AXIS2_PLACEMENT_3D('',#3663,#2943,#2944);
#2635=AXIS2_PLACEMENT_3D('',#3665,#2946,#2947);
#2636=AXIS2_PLACEMENT_3D('',#3667,#2949,#2950);
#2637=AXIS2_PLACEMENT_3D('',#3668,#2951,#2952);
#2638=AXIS2_PLACEMENT_3D('',#3671,#2955,#2956);
#2639=AXIS2_PLACEMENT_3D('',#3673,#2958,#2959);
#2640=AXIS2_PLACEMENT_3D('',#3675,#2961,#2962);
#2641=AXIS2_PLACEMENT_3D('',#3676,#2963,#2964);
#2642=AXIS2_PLACEMENT_3D('',#3679,#2967,#2968);
#2643=AXIS2_PLACEMENT_3D('',#3681,#2970,#2971);
#2644=AXIS2_PLACEMENT_3D('',#3683,#2973,#2974);
#2645=AXIS2_PLACEMENT_3D('',#3684,#2975,#2976);
#2646=AXIS2_PLACEMENT_3D('',#3687,#2979,#2980);
#2647=AXIS2_PLACEMENT_3D('',#3689,#2982,#2983);
#2648=AXIS2_PLACEMENT_3D('',#3691,#2985,#2986);
#2649=AXIS2_PLACEMENT_3D('',#3692,#2987,#2988);
#2650=AXIS2_PLACEMENT_3D('',#3695,#2991,#2992);
#2651=AXIS2_PLACEMENT_3D('',#3697,#2994,#2995);
#2652=AXIS2_PLACEMENT_3D('',#3699,#2997,#2998);
#2653=AXIS2_PLACEMENT_3D('',#3700,#2999,#3000);
#2654=AXIS2_PLACEMENT_3D('',#3703,#3003,#3004);
#2655=AXIS2_PLACEMENT_3D('',#3705,#3006,#3007);
#2656=AXIS2_PLACEMENT_3D('',#3707,#3009,#3010);
#2657=AXIS2_PLACEMENT_3D('',#3708,#3011,#3012);
#2658=AXIS2_PLACEMENT_3D('',#3711,#3015,#3016);
#2659=AXIS2_PLACEMENT_3D('',#3713,#3018,#3019);
#2660=AXIS2_PLACEMENT_3D('',#3715,#3021,#3022);
#2661=AXIS2_PLACEMENT_3D('',#3717,#3024,#3025);
#2662=AXIS2_PLACEMENT_3D('',#3719,#3027,#3028);
#2663=AXIS2_PLACEMENT_3D('',#3720,#3029,#3030);
#2664=AXIS2_PLACEMENT_3D('',#3723,#3033,#3034);
#2665=AXIS2_PLACEMENT_3D('',#3725,#3036,#3037);
#2666=AXIS2_PLACEMENT_3D('',#3727,#3039,#3040);
#2667=AXIS2_PLACEMENT_3D('',#3728,#3041,#3042);
#2668=AXIS2_PLACEMENT_3D('',#3729,#3043,#3044);
#2669=AXIS2_PLACEMENT_3D('',#3730,#3045,#3046);
#2670=AXIS2_PLACEMENT_3D('',#3731,#3047,#3048);
#2671=AXIS2_PLACEMENT_3D('',#3732,#3049,#3050);
#2672=AXIS2_PLACEMENT_3D('',#3733,#3051,#3052);
#2673=AXIS2_PLACEMENT_3D('',#3750,#3061,#3062);
#2674=AXIS2_PLACEMENT_3D('',#3767,#3071,#3072);
#2675=AXIS2_PLACEMENT_3D('',#3776,#3077,#3078);
#2676=AXIS2_PLACEMENT_3D('',#3785,#3083,#3084);
#2677=AXIS2_PLACEMENT_3D('',#3786,#3085,#3086);
#2678=AXIS2_PLACEMENT_3D('',#3788,#3087,#3088);
#2679=AXIS2_PLACEMENT_3D('',#3790,#3089,#3090);
#2680=AXIS2_PLACEMENT_3D('',#3791,#3091,#3092);
#2681=AXIS2_PLACEMENT_3D('',#3793,#3093,#3094);
#2682=AXIS2_PLACEMENT_3D('',#3795,#3095,#3096);
#2683=AXIS2_PLACEMENT_3D('',#3796,#3097,#3098);
#2684=AXIS2_PLACEMENT_3D('',#3798,#3099,#3100);
#2685=AXIS2_PLACEMENT_3D('',#3800,#3101,#3102);
#2686=AXIS2_PLACEMENT_3D('',#3801,#3103,#3104);
#2687=AXIS2_PLACEMENT_3D('',#3803,#3105,#3106);
#2688=AXIS2_PLACEMENT_3D('',#3805,#3107,#3108);
#2689=AXIS2_PLACEMENT_3D('',#3814,#3113,#3114);
#2690=AXIS2_PLACEMENT_3D('',#3815,#3115,#3116);
#2691=AXIS2_PLACEMENT_3D('',#3817,#3117,#3118);
#2692=AXIS2_PLACEMENT_3D('',#3819,#3119,#3120);
#2693=AXIS2_PLACEMENT_3D('',#3821,#3121,#3122);
#2694=AXIS2_PLACEMENT_3D('',#3823,#3123,#3124);
#2695=AXIS2_PLACEMENT_3D('',#3824,#3125,#3126);
#2696=AXIS2_PLACEMENT_3D('',#3825,#3127,#3128);
#2697=AXIS2_PLACEMENT_3D('',#3826,#3129,#3130);
#2698=AXIS2_PLACEMENT_3D('',#3827,#3131,#3132);
#2699=AXIS2_PLACEMENT_3D('',#3836,#3137,#3138);
#2700=AXIS2_PLACEMENT_3D('',#3839,#3141,#3142);
#2701=AXIS2_PLACEMENT_3D('',#3842,#3145,#3146);
#2702=AXIS2_PLACEMENT_3D('',#3843,#3147,#3148);
#2703=AXIS2_PLACEMENT_3D('',#3844,#3149,#3150);
#2704=AXIS2_PLACEMENT_3D('',#3845,#3151,#3152);
#2705=AXIS2_PLACEMENT_3D('',#3846,#3153,#3154);
#2706=AXIS2_PLACEMENT_3D('',#3847,#3155,#3156);
#2707=AXIS2_PLACEMENT_3D('',#3850,#3159,#3160);
#2708=AXIS2_PLACEMENT_3D('',#3851,#3161,#3162);
#2709=AXIS2_PLACEMENT_3D('',#3853,#3163,#3164);
#2710=AXIS2_PLACEMENT_3D('',#3854,#3165,#3166);
#2711=AXIS2_PLACEMENT_3D('',#3855,#3167,#3168);
#2712=AXIS2_PLACEMENT_3D('',#3857,#3169,#3170);
#2713=AXIS2_PLACEMENT_3D('',#3858,#3171,#3172);
#2714=AXIS2_PLACEMENT_3D('',#3859,#3173,#3174);
#2715=AXIS2_PLACEMENT_3D('',#3861,#3175,#3176);
#2716=AXIS2_PLACEMENT_3D('',#3862,#3177,#3178);
#2717=AXIS2_PLACEMENT_3D('',#3863,#3179,#3180);
#2718=AXIS2_PLACEMENT_3D('',#3865,#3181,#3182);
#2719=AXIS2_PLACEMENT_3D('',#3866,#3183,#3184);
#2720=AXIS2_PLACEMENT_3D('',#3867,#3185,#3186);
#2721=AXIS2_PLACEMENT_3D('',#3868,#3187,#3188);
#2722=AXIS2_PLACEMENT_3D('',#3869,#3189,#3190);
#2723=AXIS2_PLACEMENT_3D('',#3870,#3191,#3192);
#2724=AXIS2_PLACEMENT_3D('',#3872,#3194,#3195);
#2725=AXIS2_PLACEMENT_3D('',#3874,#3197,#3198);
#2726=AXIS2_PLACEMENT_3D('',#3875,#3199,#3200);
#2727=AXIS2_PLACEMENT_3D('',#3876,#3201,#3202);
#2728=AXIS2_PLACEMENT_3D('',#3885,#3207,#3208);
#2729=AXIS2_PLACEMENT_3D('',#3894,#3213,#3214);
#2730=AXIS2_PLACEMENT_3D('',#3903,#3219,#3220);
#2731=AXIS2_PLACEMENT_3D('',#3912,#3225,#3226);
#2732=AXIS2_PLACEMENT_3D('',#3918,#3230,#3231);
#2733=AXIS2_PLACEMENT_3D('',#3924,#3235,#3236);
#2734=AXIS2_PLACEMENT_3D('',#3933,#3241,#3242);
#2735=AXIS2_PLACEMENT_3D('',#3939,#3246,#3247);
#2736=AXIS2_PLACEMENT_3D('',#3945,#3251,#3252);
#2737=AXIS2_PLACEMENT_3D('',#3954,#3257,#3258);
#2738=AXIS2_PLACEMENT_3D('',#3960,#3262,#3263);
#2739=AXIS2_PLACEMENT_3D('',#3966,#3267,#3268);
#2740=AXIS2_PLACEMENT_3D('',#3975,#3273,#3274);
#2741=AXIS2_PLACEMENT_3D('',#3981,#3278,#3279);
#2742=AXIS2_PLACEMENT_3D('',#3987,#3283,#3284);
#2743=AXIS2_PLACEMENT_3D('',#3996,#3289,#3290);
#2744=AXIS2_PLACEMENT_3D('',#4002,#3294,#3295);
#2745=AXIS2_PLACEMENT_3D('',#4008,#3299,#3300);
#2746=AXIS2_PLACEMENT_3D('',#4017,#3305,#3306);
#2747=AXIS2_PLACEMENT_3D('',#4023,#3310,#3311);
#2748=AXIS2_PLACEMENT_3D('',#4029,#3315,#3316);
#2749=AXIS2_PLACEMENT_3D('',#4038,#3321,#3322);
#2750=AXIS2_PLACEMENT_3D('',#4044,#3326,#3327);
#2751=AXIS2_PLACEMENT_3D('',#4050,#3331,#3332);
#2752=AXIS2_PLACEMENT_3D('',#4059,#3337,#3338);
#2753=AXIS2_PLACEMENT_3D('',#4065,#3342,#3343);
#2754=AXIS2_PLACEMENT_3D('',#4071,#3347,#3348);
#2755=AXIS2_PLACEMENT_3D('',#4080,#3353,#3354);
#2756=AXIS2_PLACEMENT_3D('',#4086,#3358,#3359);
#2757=AXIS2_PLACEMENT_3D('',#4092,#3363,#3364);
#2758=AXIS2_PLACEMENT_3D('',#4095,#3367,#3368);
#2759=AXIS2_PLACEMENT_3D('',#4098,#3371,#3372);
#2760=AXIS2_PLACEMENT_3D('',#4101,#3375,#3376);
#2761=AXIS2_PLACEMENT_3D('',#4104,#3379,#3380);
#2762=AXIS2_PLACEMENT_3D('',#4107,#3383,#3384);
#2763=AXIS2_PLACEMENT_3D('',#4110,#3387,#3388);
#2764=AXIS2_PLACEMENT_3D('',#4113,#3391,#3392);
#2765=AXIS2_PLACEMENT_3D('',#4116,#3395,#3396);
#2766=AXIS2_PLACEMENT_3D('',#4119,#3399,#3400);
#2767=AXIS2_PLACEMENT_3D('',#4128,#3405,#3406);
#2768=AXIS2_PLACEMENT_3D('',#4129,#3407,#3408);
#2769=AXIS2_PLACEMENT_3D('',#4130,#3409,#3410);
#2770=AXIS2_PLACEMENT_3D('',#4131,#3411,#3412);
#2771=AXIS2_PLACEMENT_3D('',#4132,#3413,#3414);
#2772=AXIS2_PLACEMENT_3D('',#4133,#3415,#3416);
#2773=AXIS2_PLACEMENT_3D('',#4134,#3417,#3418);
#2774=AXIS2_PLACEMENT_3D('',#4135,#3419,#3420);
#2775=AXIS2_PLACEMENT_3D('',#4136,#3421,#3422);
#2776=AXIS2_PLACEMENT_3D('',#4137,#3423,#3424);
#2777=AXIS2_PLACEMENT_3D('',#4138,#3425,#3426);
#2778=AXIS2_PLACEMENT_3D('',#4139,#3427,#3428);
#2779=AXIS2_PLACEMENT_3D('',#4140,#3429,#3430);
#2780=AXIS2_PLACEMENT_3D('',#4141,#3431,#3432);
#2781=DIRECTION('',(0.,0.,1.));
#2782=DIRECTION('',(1.,0.,0.));
#2783=DIRECTION('',(-1.,0.,0.));
#2784=DIRECTION('',(0.,0.,1.));
#2785=DIRECTION('',(0.,1.,0.));
#2786=DIRECTION('',(0.,0.,-1.));
#2787=DIRECTION('',(0.,1.,0.));
#2788=DIRECTION('',(0.,0.,-1.));
#2789=DIRECTION('',(0.,1.,0.));
#2790=DIRECTION('',(0.,0.,1.));
#2791=DIRECTION('',(1.,0.,0.));
#2792=DIRECTION('',(0.,0.,-1.));
#2793=DIRECTION('',(1.,0.,0.));
#2794=DIRECTION('',(0.,0.,-1.));
#2795=DIRECTION('',(1.,6.03382078600629E-17,0.));
#2796=DIRECTION('',(-6.03382078600629E-17,1.,0.));
#2797=DIRECTION('',(6.03382078600629E-17,-1.,0.));
#2798=DIRECTION('',(0.,0.,-1.));
#2799=DIRECTION('',(6.03382078600629E-17,-1.,0.));
#2800=DIRECTION('',(0.,0.,-1.));
#2801=DIRECTION('',(0.,0.,-1.));
#2802=DIRECTION('',(-1.,0.,0.));
#2803=DIRECTION('',(0.,0.,1.));
#2804=DIRECTION('',(1.,0.,0.));
#2805=DIRECTION('',(0.,0.,1.));
#2806=DIRECTION('',(1.,0.,0.));
#2807=DIRECTION('',(0.,0.,-1.));
#2808=DIRECTION('',(-1.,0.,0.));
#2809=DIRECTION('',(0.,0.,1.));
#2810=DIRECTION('',(1.,0.,0.));
#2811=DIRECTION('',(0.,0.,1.));
#2812=DIRECTION('',(1.,0.,0.));
#2813=DIRECTION('',(0.,0.,-1.));
#2814=DIRECTION('',(-1.,0.,0.));
#2815=DIRECTION('',(0.,0.,1.));
#2816=DIRECTION('',(1.,0.,0.));
#2817=DIRECTION('',(0.,0.,1.));
#2818=DIRECTION('',(1.,0.,0.));
#2819=DIRECTION('',(0.,1.,0.));
#2820=DIRECTION('',(0.,0.,1.));
#2821=DIRECTION('',(1.,0.,0.));
#2822=DIRECTION('',(0.,0.,-1.));
#2823=DIRECTION('',(1.,0.,0.));
#2824=DIRECTION('',(0.,0.,-1.));
#2825=DIRECTION('',(0.,0.,-1.));
#2826=DIRECTION('',(-1.,0.,0.));
#2827=DIRECTION('',(0.,0.,1.));
#2828=DIRECTION('',(1.,0.,0.));
#2829=DIRECTION('',(0.,0.,1.));
#2830=DIRECTION('',(1.,0.,0.));
#2831=DIRECTION('',(0.,0.,1.));
#2832=DIRECTION('',(1.,0.,0.));
#2833=DIRECTION('',(-1.,0.,0.));
#2834=DIRECTION('',(0.,1.,0.));
#2835=DIRECTION('',(1.,0.,0.));
#2836=DIRECTION('',(0.,-1.,0.));
#2837=DIRECTION('',(-1.,0.,0.));
#2838=DIRECTION('',(0.998885862491399,0.0471914580704362,0.));
#2839=DIRECTION('',(0.,-1.,0.));
#2840=DIRECTION('',(-0.999971988340421,0.00748482027201251,0.));
#2841=DIRECTION('',(1.,0.,0.));
#2842=DIRECTION('',(0.,-1.,0.));
#2843=DIRECTION('',(-1.,0.,0.));
#2844=DIRECTION('',(0.,1.,0.));
#2845=DIRECTION('',(1.,0.,0.));
#2846=DIRECTION('',(0.,1.,0.));
#2847=DIRECTION('',(-1.,0.,0.));
#2848=DIRECTION('',(0.,1.,0.));
#2849=DIRECTION('',(1.,0.,0.));
#2850=DIRECTION('',(0.,-1.,0.));
#2851=DIRECTION('',(-1.,0.,0.));
#2852=DIRECTION('',(0.,1.,0.));
#2853=DIRECTION('',(1.,0.,0.));
#2854=DIRECTION('',(0.,-1.,0.));
#2855=DIRECTION('',(-1.,0.,0.));
#2856=DIRECTION('',(0.,1.,0.));
#2857=DIRECTION('',(1.,0.,0.));
#2858=DIRECTION('',(0.,-1.,0.));
#2859=DIRECTION('',(-1.,0.,0.));
#2860=DIRECTION('',(0.,1.,0.));
#2861=DIRECTION('',(1.,0.,0.));
#2862=DIRECTION('',(0.,-1.,0.));
#2863=DIRECTION('',(-1.,0.,0.));
#2864=DIRECTION('',(0.,1.,0.));
#2865=DIRECTION('',(1.,0.,0.));
#2866=DIRECTION('',(0.,-1.,0.));
#2867=DIRECTION('',(-1.,0.,0.));
#2868=DIRECTION('',(0.,1.,0.));
#2869=DIRECTION('',(1.,0.,0.));
#2870=DIRECTION('',(0.,-1.,0.));
#2871=DIRECTION('',(0.,0.,1.));
#2872=DIRECTION('',(1.,0.,0.));
#2873=DIRECTION('',(0.,0.,1.));
#2874=DIRECTION('',(1.,0.,0.));
#2875=DIRECTION('',(0.,0.,1.));
#2876=DIRECTION('',(1.,0.,0.));
#2877=DIRECTION('',(0.,0.,1.));
#2878=DIRECTION('',(1.,0.,0.));
#2879=DIRECTION('',(0.,0.,1.));
#2880=DIRECTION('',(1.,0.,0.));
#2881=DIRECTION('',(0.,1.,0.));
#2882=DIRECTION('',(-1.,0.,0.));
#2883=DIRECTION('',(0.,-1.,0.));
#2884=DIRECTION('',(1.,0.,0.));
#2885=DIRECTION('',(0.998885862491399,0.0471914580704362,0.));
#2886=DIRECTION('',(-1.,0.,0.));
#2887=DIRECTION('',(0.,-1.,0.));
#2888=DIRECTION('',(1.,0.,0.));
#2889=DIRECTION('',(-0.999971988340421,0.00748482027201251,0.));
#2890=DIRECTION('',(0.,-1.,0.));
#2891=DIRECTION('',(0.,1.,0.));
#2892=DIRECTION('',(-1.,0.,0.));
#2893=DIRECTION('',(0.,1.,0.));
#2894=DIRECTION('',(1.,0.,0.));
#2895=DIRECTION('',(0.,1.,0.));
#2896=DIRECTION('',(-1.,0.,0.));
#2897=DIRECTION('',(0.,-1.,0.));
#2898=DIRECTION('',(1.,0.,0.));
#2899=DIRECTION('',(0.,1.,0.));
#2900=DIRECTION('',(-1.,0.,0.));
#2901=DIRECTION('',(0.,-1.,0.));
#2902=DIRECTION('',(1.,0.,0.));
#2903=DIRECTION('',(0.,1.,0.));
#2904=DIRECTION('',(-1.,0.,0.));
#2905=DIRECTION('',(0.,-1.,0.));
#2906=DIRECTION('',(1.,0.,0.));
#2907=DIRECTION('',(0.,1.,0.));
#2908=DIRECTION('',(-1.,0.,0.));
#2909=DIRECTION('',(0.,-1.,0.));
#2910=DIRECTION('',(1.,0.,0.));
#2911=DIRECTION('',(0.,1.,0.));
#2912=DIRECTION('',(-1.,0.,0.));
#2913=DIRECTION('',(0.,-1.,0.));
#2914=DIRECTION('',(1.,0.,0.));
#2915=DIRECTION('',(0.,1.,0.));
#2916=DIRECTION('',(-1.,0.,0.));
#2917=DIRECTION('',(0.,-1.,0.));
#2918=DIRECTION('',(1.,0.,0.));
#2919=DIRECTION('',(0.,0.,1.));
#2920=DIRECTION('',(1.,0.,0.));
#2921=DIRECTION('',(0.,0.,1.));
#2922=DIRECTION('',(1.,0.,0.));
#2923=DIRECTION('',(0.,0.,1.));
#2924=DIRECTION('',(1.,0.,0.));
#2925=DIRECTION('',(0.,0.,1.));
#2926=DIRECTION('',(1.,0.,0.));
#2927=DIRECTION('',(0.,1.,0.));
#2928=DIRECTION('',(0.,0.,1.));
#2929=DIRECTION('',(0.,0.,-1.));
#2930=DIRECTION('',(0.,0.,-1.));
#2931=DIRECTION('',(-1.,0.,0.));
#2932=DIRECTION('',(0.,0.,1.));
#2933=DIRECTION('',(0.,0.,-1.));
#2934=DIRECTION('',(0.,-1.,0.));
#2935=DIRECTION('',(0.,0.,-1.));
#2936=DIRECTION('',(0.,0.,-1.));
#2937=DIRECTION('',(1.,0.,0.));
#2938=DIRECTION('',(0.,0.,-1.));
#2939=DIRECTION('',(0.,1.,0.));
#2940=DIRECTION('',(0.,0.,1.));
#2941=DIRECTION('',(0.,0.,-1.));
#2942=DIRECTION('',(0.,0.,-1.));
#2943=DIRECTION('',(-1.,0.,0.));
#2944=DIRECTION('',(0.,0.,1.));
#2945=DIRECTION('',(0.,0.,-1.));
#2946=DIRECTION('',(0.,-1.,0.));
#2947=DIRECTION('',(0.,0.,-1.));
#2948=DIRECTION('',(0.,0.,-1.));
#2949=DIRECTION('',(1.,0.,0.));
#2950=DIRECTION('',(0.,0.,-1.));
#2951=DIRECTION('',(0.,1.,0.));
#2952=DIRECTION('',(0.,0.,1.));
#2953=DIRECTION('',(0.,0.,-1.));
#2954=DIRECTION('',(0.,0.,-1.));
#2955=DIRECTION('',(-1.,0.,0.));
#2956=DIRECTION('',(0.,0.,1.));
#2957=DIRECTION('',(0.,0.,-1.));
#2958=DIRECTION('',(0.,-1.,0.));
#2959=DIRECTION('',(0.,0.,-1.));
#2960=DIRECTION('',(0.,0.,-1.));
#2961=DIRECTION('',(1.,0.,0.));
#2962=DIRECTION('',(0.,0.,-1.));
#2963=DIRECTION('',(0.,1.,0.));
#2964=DIRECTION('',(0.,0.,1.));
#2965=DIRECTION('',(0.,0.,-1.));
#2966=DIRECTION('',(0.,0.,-1.));
#2967=DIRECTION('',(-1.,0.,0.));
#2968=DIRECTION('',(0.,0.,1.));
#2969=DIRECTION('',(0.,0.,-1.));
#2970=DIRECTION('',(0.,-1.,0.));
#2971=DIRECTION('',(0.,0.,-1.));
#2972=DIRECTION('',(0.,0.,-1.));
#2973=DIRECTION('',(1.,0.,0.));
#2974=DIRECTION('',(0.,0.,-1.));
#2975=DIRECTION('',(0.,1.,0.));
#2976=DIRECTION('',(0.,0.,1.));
#2977=DIRECTION('',(0.,0.,-1.));
#2978=DIRECTION('',(0.,0.,-1.));
#2979=DIRECTION('',(-1.,0.,0.));
#2980=DIRECTION('',(0.,0.,1.));
#2981=DIRECTION('',(0.,0.,-1.));
#2982=DIRECTION('',(0.,-1.,0.));
#2983=DIRECTION('',(0.,0.,-1.));
#2984=DIRECTION('',(0.,0.,-1.));
#2985=DIRECTION('',(1.,0.,0.));
#2986=DIRECTION('',(0.,0.,-1.));
#2987=DIRECTION('',(0.,1.,0.));
#2988=DIRECTION('',(0.,0.,1.));
#2989=DIRECTION('',(0.,0.,-1.));
#2990=DIRECTION('',(0.,0.,-1.));
#2991=DIRECTION('',(-1.,0.,0.));
#2992=DIRECTION('',(0.,0.,1.));
#2993=DIRECTION('',(0.,0.,-1.));
#2994=DIRECTION('',(0.,-1.,0.));
#2995=DIRECTION('',(0.,0.,-1.));
#2996=DIRECTION('',(0.,0.,-1.));
#2997=DIRECTION('',(1.,0.,0.));
#2998=DIRECTION('',(0.,0.,-1.));
#2999=DIRECTION('',(0.,1.,0.));
#3000=DIRECTION('',(0.,0.,1.));
#3001=DIRECTION('',(0.,0.,-1.));
#3002=DIRECTION('',(0.,0.,-1.));
#3003=DIRECTION('',(1.,0.,0.));
#3004=DIRECTION('',(0.,0.,-1.));
#3005=DIRECTION('',(0.,0.,-1.));
#3006=DIRECTION('',(0.,-1.,0.));
#3007=DIRECTION('',(0.,0.,-1.));
#3008=DIRECTION('',(0.,0.,-1.));
#3009=DIRECTION('',(1.,0.,0.));
#3010=DIRECTION('',(0.,0.,-1.));
#3011=DIRECTION('',(0.,1.,0.));
#3012=DIRECTION('',(0.,0.,1.));
#3013=DIRECTION('',(0.,0.,-1.));
#3014=DIRECTION('',(0.,0.,-1.));
#3015=DIRECTION('',(-1.,0.,0.));
#3016=DIRECTION('',(0.,0.,1.));
#3017=DIRECTION('',(0.,0.,-1.));
#3018=DIRECTION('',(0.,-1.,0.));
#3019=DIRECTION('',(0.,0.,-1.));
#3020=DIRECTION('',(0.,0.,-1.));
#3021=DIRECTION('',(0.00748482027201251,0.999971988340421,0.));
#3022=DIRECTION('',(-0.999971988340421,0.00748482027201251,0.));
#3023=DIRECTION('',(0.,0.,-1.));
#3024=DIRECTION('',(-1.,0.,0.));
#3025=DIRECTION('',(0.,0.,1.));
#3026=DIRECTION('',(0.,0.,-1.));
#3027=DIRECTION('',(0.0471914580704362,-0.998885862491399,0.));
#3028=DIRECTION('',(0.998885862491399,0.0471914580704362,0.));
#3029=DIRECTION('',(0.,1.,0.));
#3030=DIRECTION('',(0.,0.,1.));
#3031=DIRECTION('',(0.,0.,-1.));
#3032=DIRECTION('',(0.,0.,-1.));
#3033=DIRECTION('',(-1.,0.,0.));
#3034=DIRECTION('',(0.,0.,1.));
#3035=DIRECTION('',(0.,0.,-1.));
#3036=DIRECTION('',(0.,-1.,0.));
#3037=DIRECTION('',(0.,0.,-1.));
#3038=DIRECTION('',(0.,0.,-1.));
#3039=DIRECTION('',(1.,0.,0.));
#3040=DIRECTION('',(0.,0.,-1.));
#3041=DIRECTION('',(0.,0.,-1.));
#3042=DIRECTION('',(-1.,0.,0.));
#3043=DIRECTION('',(0.,0.,-1.));
#3044=DIRECTION('',(-1.,0.,0.));
#3045=DIRECTION('',(0.,0.,1.));
#3046=DIRECTION('',(1.,0.,0.));
#3047=DIRECTION('',(0.,0.,1.));
#3048=DIRECTION('',(1.,0.,0.));
#3049=DIRECTION('',(0.,0.,1.));
#3050=DIRECTION('',(1.,0.,0.));
#3051=DIRECTION('',(1.,1.20676415720126E-16,0.));
#3052=DIRECTION('',(-1.20676415720126E-16,1.,0.));
#3053=DIRECTION('',(1.20676415720126E-16,-1.,0.));
#3054=DIRECTION('',(0.,0.,-1.));
#3055=DIRECTION('',(1.20676415720126E-16,-1.,0.));
#3056=DIRECTION('',(0.,0.,-1.));
#3057=DIRECTION('',(0.,0.,1.));
#3058=DIRECTION('',(-1.20676415720126E-16,1.,0.));
#3059=DIRECTION('',(0.,0.,1.));
#3060=DIRECTION('',(1.20676415720126E-16,-1.,0.));
#3061=DIRECTION('',(-1.,-1.50845519650157E-16,0.));
#3062=DIRECTION('',(1.50845519650157E-16,-1.,0.));
#3063=DIRECTION('',(0.,0.,1.));
#3064=DIRECTION('',(1.50845519650157E-16,-1.,0.));
#3065=DIRECTION('',(0.,0.,-1.));
#3066=DIRECTION('',(-1.50845519650157E-16,1.,0.));
#3067=DIRECTION('',(0.,0.,-1.));
#3068=DIRECTION('',(1.50845519650157E-16,-1.,0.));
#3069=DIRECTION('',(0.,0.,1.));
#3070=DIRECTION('',(-1.50845519650157E-16,1.,0.));
#3071=DIRECTION('',(0.,1.,0.));
#3072=DIRECTION('',(0.,0.,1.));
#3073=DIRECTION('',(1.,0.,0.));
#3074=DIRECTION('',(0.,0.,-1.));
#3075=DIRECTION('',(1.,0.,0.));
#3076=DIRECTION('',(0.,0.,-1.));
#3077=DIRECTION('',(0.,1.,0.));
#3078=DIRECTION('',(0.,0.,1.));
#3079=DIRECTION('',(1.,0.,0.));
#3080=DIRECTION('',(0.,0.,-1.));
#3081=DIRECTION('',(1.,0.,0.));
#3082=DIRECTION('',(0.,0.,-1.));
#3083=DIRECTION('',(0.,0.,-1.));
#3084=DIRECTION('',(-1.,0.,0.));
#3085=DIRECTION('',(0.,0.,1.));
#3086=DIRECTION('',(1.,0.,0.));
#3087=DIRECTION('',(0.,0.,1.));
#3088=DIRECTION('',(1.,0.,0.));
#3089=DIRECTION('',(0.,0.,-1.));
#3090=DIRECTION('',(-1.,0.,0.));
#3091=DIRECTION('',(0.,0.,1.));
#3092=DIRECTION('',(1.,0.,0.));
#3093=DIRECTION('',(0.,0.,1.));
#3094=DIRECTION('',(1.,0.,0.));
#3095=DIRECTION('',(0.,0.,-1.));
#3096=DIRECTION('',(-1.,0.,0.));
#3097=DIRECTION('',(0.,0.,1.));
#3098=DIRECTION('',(1.,0.,0.));
#3099=DIRECTION('',(0.,0.,1.));
#3100=DIRECTION('',(1.,0.,0.));
#3101=DIRECTION('',(0.,0.,-1.));
#3102=DIRECTION('',(-1.,0.,0.));
#3103=DIRECTION('',(0.,0.,1.));
#3104=DIRECTION('',(1.,0.,0.));
#3105=DIRECTION('',(0.,0.,1.));
#3106=DIRECTION('',(1.,0.,0.));
#3107=DIRECTION('',(1.,6.03382078600629E-17,0.));
#3108=DIRECTION('',(-6.03382078600629E-17,1.,0.));
#3109=DIRECTION('',(6.03382078600629E-17,-1.,0.));
#3110=DIRECTION('',(0.,0.,-1.));
#3111=DIRECTION('',(6.03382078600629E-17,-1.,0.));
#3112=DIRECTION('',(0.,0.,-1.));
#3113=DIRECTION('',(0.,0.,1.));
#3114=DIRECTION('',(1.,0.,0.));
#3115=DIRECTION('',(0.,0.,1.));
#3116=DIRECTION('',(1.,0.,0.));
#3117=DIRECTION('',(0.,0.,1.));
#3118=DIRECTION('',(1.,0.,0.));
#3119=DIRECTION('',(0.,0.,1.));
#3120=DIRECTION('',(1.,0.,0.));
#3121=DIRECTION('',(0.,0.,1.));
#3122=DIRECTION('',(1.,0.,0.));
#3123=DIRECTION('',(0.,0.,1.));
#3124=DIRECTION('',(1.,0.,0.));
#3125=DIRECTION('',(0.,0.,1.));
#3126=DIRECTION('',(1.,0.,0.));
#3127=DIRECTION('',(0.,0.,1.));
#3128=DIRECTION('',(1.,0.,0.));
#3129=DIRECTION('',(0.,0.,1.));
#3130=DIRECTION('',(1.,0.,0.));
#3131=DIRECTION('',(-1.,-1.50845519650157E-16,0.));
#3132=DIRECTION('',(1.50845519650157E-16,-1.,0.));
#3133=DIRECTION('',(0.,0.,-1.));
#3134=DIRECTION('',(1.50845519650157E-16,-1.,0.));
#3135=DIRECTION('',(0.,0.,-1.));
#3136=DIRECTION('',(-1.50845519650157E-16,1.,0.));
#3137=DIRECTION('',(9.57088814332031E-17,-1.,0.));
#3138=DIRECTION('',(1.,9.57088814332031E-17,0.));
#3139=DIRECTION('',(1.,9.57088814332031E-17,0.));
#3140=DIRECTION('',(-1.,-9.57088814332031E-17,0.));
#3141=DIRECTION('',(1.91417762866406E-16,-1.,0.));
#3142=DIRECTION('',(1.,1.91417762866406E-16,0.));
#3143=DIRECTION('',(1.,1.91417762866406E-16,0.));
#3144=DIRECTION('',(-1.,-1.91417762866406E-16,0.));
#3145=DIRECTION('',(0.,0.,1.));
#3146=DIRECTION('',(1.,0.,0.));
#3147=DIRECTION('',(0.,0.,1.));
#3148=DIRECTION('',(1.,0.,0.));
#3149=DIRECTION('',(0.,0.,1.));
#3150=DIRECTION('',(1.,0.,0.));
#3151=DIRECTION('',(0.,0.,1.));
#3152=DIRECTION('',(1.,0.,0.));
#3153=DIRECTION('',(0.,0.,1.));
#3154=DIRECTION('',(1.,0.,0.));
#3155=DIRECTION('',(0.,0.,1.));
#3156=DIRECTION('',(1.,0.,0.));
#3157=DIRECTION('',(-1.,-1.20676415720126E-16,0.));
#3158=DIRECTION('',(-1.,-1.20676415720126E-16,0.));
#3159=DIRECTION('',(0.,0.,-1.));
#3160=DIRECTION('',(-1.,0.,0.));
#3161=DIRECTION('',(0.,0.,1.));
#3162=DIRECTION('',(1.,0.,0.));
#3163=DIRECTION('',(0.,0.,1.));
#3164=DIRECTION('',(1.,0.,0.));
#3165=DIRECTION('',(0.,0.,-1.));
#3166=DIRECTION('',(-1.,0.,0.));
#3167=DIRECTION('',(0.,0.,1.));
#3168=DIRECTION('',(1.,0.,0.));
#3169=DIRECTION('',(0.,0.,1.));
#3170=DIRECTION('',(1.,0.,0.));
#3171=DIRECTION('',(0.,0.,-1.));
#3172=DIRECTION('',(-1.,0.,0.));
#3173=DIRECTION('',(0.,0.,1.));
#3174=DIRECTION('',(1.,0.,0.));
#3175=DIRECTION('',(0.,0.,1.));
#3176=DIRECTION('',(1.,0.,0.));
#3177=DIRECTION('',(0.,0.,-1.));
#3178=DIRECTION('',(-1.,0.,0.));
#3179=DIRECTION('',(0.,0.,1.));
#3180=DIRECTION('',(1.,0.,0.));
#3181=DIRECTION('',(0.,0.,1.));
#3182=DIRECTION('',(1.,0.,0.));
#3183=DIRECTION('',(0.,0.,1.));
#3184=DIRECTION('',(1.,0.,0.));
#3185=DIRECTION('',(0.,0.,-1.));
#3186=DIRECTION('',(-1.,0.,0.));
#3187=DIRECTION('',(0.,0.,1.));
#3188=DIRECTION('',(1.,0.,0.));
#3189=DIRECTION('',(0.,0.,-1.));
#3190=DIRECTION('',(-1.,0.,0.));
#3191=DIRECTION('',(1.20676415720126E-16,-1.,0.));
#3192=DIRECTION('',(1.,1.20676415720126E-16,0.));
#3193=DIRECTION('',(-1.,-1.20676415720126E-16,0.));
#3194=DIRECTION('',(1.20676415720126E-16,-1.,0.));
#3195=DIRECTION('',(1.,1.20676415720126E-16,0.));
#3196=DIRECTION('',(-1.,-1.20676415720126E-16,0.));
#3197=DIRECTION('',(0.,0.,1.));
#3198=DIRECTION('',(1.,0.,0.));
#3199=DIRECTION('',(0.,0.,1.));
#3200=DIRECTION('',(1.,0.,0.));
#3201=DIRECTION('',(-1.,0.,0.));
#3202=DIRECTION('',(0.,0.,1.));
#3203=DIRECTION('',(0.,1.,0.));
#3204=DIRECTION('',(0.,0.,-1.));
#3205=DIRECTION('',(0.,1.,0.));
#3206=DIRECTION('',(0.,0.,-1.));
#3207=DIRECTION('',(0.,1.,0.));
#3208=DIRECTION('',(0.,0.,1.));
#3209=DIRECTION('',(1.,0.,0.));
#3210=DIRECTION('',(0.,0.,-1.));
#3211=DIRECTION('',(1.,0.,0.));
#3212=DIRECTION('',(0.,0.,-1.));
#3213=DIRECTION('',(1.,6.03382078600629E-17,0.));
#3214=DIRECTION('',(-6.03382078600629E-17,1.,0.));
#3215=DIRECTION('',(6.03382078600629E-17,-1.,0.));
#3216=DIRECTION('',(0.,0.,-1.));
#3217=DIRECTION('',(6.03382078600629E-17,-1.,0.));
#3218=DIRECTION('',(0.,0.,-1.));
#3219=DIRECTION('',(0.,-1.,0.));
#3220=DIRECTION('',(0.,0.,-1.));
#3221=DIRECTION('',(-1.,0.,0.));
#3222=DIRECTION('',(0.,0.,-1.));
#3223=DIRECTION('',(-1.,0.,0.));
#3224=DIRECTION('',(0.,0.,-1.));
#3225=DIRECTION('',(-1.,0.,0.));
#3226=DIRECTION('',(0.,0.,1.));
#3227=DIRECTION('',(0.,1.,0.));
#3228=DIRECTION('',(0.,0.,-1.));
#3229=DIRECTION('',(0.,1.,0.));
#3230=DIRECTION('',(0.,1.,0.));
#3231=DIRECTION('',(0.,0.,1.));
#3232=DIRECTION('',(1.,0.,0.));
#3233=DIRECTION('',(0.,0.,-1.));
#3234=DIRECTION('',(1.,0.,0.));
#3235=DIRECTION('',(0.,-1.,0.));
#3236=DIRECTION('',(0.,0.,-1.));
#3237=DIRECTION('',(-1.,0.,0.));
#3238=DIRECTION('',(0.,0.,-1.));
#3239=DIRECTION('',(-1.,0.,0.));
#3240=DIRECTION('',(0.,0.,-1.));
#3241=DIRECTION('',(-1.,0.,0.));
#3242=DIRECTION('',(0.,0.,1.));
#3243=DIRECTION('',(0.,1.,0.));
#3244=DIRECTION('',(0.,0.,-1.));
#3245=DIRECTION('',(0.,1.,0.));
#3246=DIRECTION('',(0.,1.,0.));
#3247=DIRECTION('',(0.,0.,1.));
#3248=DIRECTION('',(1.,0.,0.));
#3249=DIRECTION('',(0.,0.,-1.));
#3250=DIRECTION('',(1.,0.,0.));
#3251=DIRECTION('',(0.,-1.,0.));
#3252=DIRECTION('',(0.,0.,-1.));
#3253=DIRECTION('',(-1.,0.,0.));
#3254=DIRECTION('',(0.,0.,-1.));
#3255=DIRECTION('',(-1.,0.,0.));
#3256=DIRECTION('',(0.,0.,-1.));
#3257=DIRECTION('',(-1.,0.,0.));
#3258=DIRECTION('',(0.,0.,1.));
#3259=DIRECTION('',(0.,1.,0.));
#3260=DIRECTION('',(0.,0.,-1.));
#3261=DIRECTION('',(0.,1.,0.));
#3262=DIRECTION('',(0.,1.,0.));
#3263=DIRECTION('',(0.,0.,1.));
#3264=DIRECTION('',(1.,0.,0.));
#3265=DIRECTION('',(0.,0.,-1.));
#3266=DIRECTION('',(1.,0.,0.));
#3267=DIRECTION('',(0.,-1.,0.));
#3268=DIRECTION('',(0.,0.,-1.));
#3269=DIRECTION('',(-1.,0.,0.));
#3270=DIRECTION('',(0.,0.,-1.));
#3271=DIRECTION('',(-1.,0.,0.));
#3272=DIRECTION('',(0.,0.,-1.));
#3273=DIRECTION('',(-1.,0.,0.));
#3274=DIRECTION('',(0.,0.,1.));
#3275=DIRECTION('',(0.,1.,0.));
#3276=DIRECTION('',(0.,0.,-1.));
#3277=DIRECTION('',(0.,1.,0.));
#3278=DIRECTION('',(0.,1.,0.));
#3279=DIRECTION('',(0.,0.,1.));
#3280=DIRECTION('',(1.,0.,0.));
#3281=DIRECTION('',(0.,0.,-1.));
#3282=DIRECTION('',(1.,0.,0.));
#3283=DIRECTION('',(0.,-1.,0.));
#3284=DIRECTION('',(0.,0.,-1.));
#3285=DIRECTION('',(-1.,0.,0.));
#3286=DIRECTION('',(0.,0.,-1.));
#3287=DIRECTION('',(-1.,0.,0.));
#3288=DIRECTION('',(0.,0.,-1.));
#3289=DIRECTION('',(-1.,0.,0.));
#3290=DIRECTION('',(0.,0.,1.));
#3291=DIRECTION('',(0.,1.,0.));
#3292=DIRECTION('',(0.,0.,-1.));
#3293=DIRECTION('',(0.,1.,0.));
#3294=DIRECTION('',(0.,1.,0.));
#3295=DIRECTION('',(0.,0.,1.));
#3296=DIRECTION('',(1.,0.,0.));
#3297=DIRECTION('',(0.,0.,-1.));
#3298=DIRECTION('',(1.,0.,0.));
#3299=DIRECTION('',(0.,-1.,0.));
#3300=DIRECTION('',(0.,0.,-1.));
#3301=DIRECTION('',(-1.,0.,0.));
#3302=DIRECTION('',(0.,0.,-1.));
#3303=DIRECTION('',(-1.,0.,0.));
#3304=DIRECTION('',(0.,0.,-1.));
#3305=DIRECTION('',(-1.,0.,0.));
#3306=DIRECTION('',(0.,0.,1.));
#3307=DIRECTION('',(0.,1.,0.));
#3308=DIRECTION('',(0.,0.,-1.));
#3309=DIRECTION('',(0.,1.,0.));
#3310=DIRECTION('',(0.,1.,0.));
#3311=DIRECTION('',(0.,0.,1.));
#3312=DIRECTION('',(1.,0.,0.));
#3313=DIRECTION('',(0.,0.,-1.));
#3314=DIRECTION('',(1.,0.,0.));
#3315=DIRECTION('',(0.,-1.,0.));
#3316=DIRECTION('',(0.,0.,-1.));
#3317=DIRECTION('',(-1.,0.,0.));
#3318=DIRECTION('',(0.,0.,-1.));
#3319=DIRECTION('',(-1.,0.,0.));
#3320=DIRECTION('',(0.,0.,-1.));
#3321=DIRECTION('',(-1.,0.,0.));
#3322=DIRECTION('',(0.,0.,1.));
#3323=DIRECTION('',(0.,1.,0.));
#3324=DIRECTION('',(0.,0.,-1.));
#3325=DIRECTION('',(0.,1.,0.));
#3326=DIRECTION('',(0.,1.,0.));
#3327=DIRECTION('',(0.,0.,1.));
#3328=DIRECTION('',(1.,0.,0.));
#3329=DIRECTION('',(0.,0.,-1.));
#3330=DIRECTION('',(1.,0.,0.));
#3331=DIRECTION('',(0.,-1.,0.));
#3332=DIRECTION('',(0.,0.,-1.));
#3333=DIRECTION('',(-1.,0.,0.));
#3334=DIRECTION('',(0.,0.,-1.));
#3335=DIRECTION('',(-1.,0.,0.));
#3336=DIRECTION('',(0.,0.,-1.));
#3337=DIRECTION('',(-1.,0.,0.));
#3338=DIRECTION('',(0.,0.,1.));
#3339=DIRECTION('',(0.,1.,0.));
#3340=DIRECTION('',(0.,0.,-1.));
#3341=DIRECTION('',(0.,1.,0.));
#3342=DIRECTION('',(0.,1.,0.));
#3343=DIRECTION('',(0.,0.,1.));
#3344=DIRECTION('',(1.,0.,0.));
#3345=DIRECTION('',(0.,0.,-1.));
#3346=DIRECTION('',(1.,0.,0.));
#3347=DIRECTION('',(1.,0.,0.));
#3348=DIRECTION('',(0.,0.,-1.));
#3349=DIRECTION('',(0.,-1.,0.));
#3350=DIRECTION('',(0.,0.,-1.));
#3351=DIRECTION('',(0.,-1.,0.));
#3352=DIRECTION('',(0.,0.,-1.));
#3353=DIRECTION('',(0.,1.,0.));
#3354=DIRECTION('',(0.,0.,1.));
#3355=DIRECTION('',(1.,0.,0.));
#3356=DIRECTION('',(0.,0.,-1.));
#3357=DIRECTION('',(1.,0.,0.));
#3358=DIRECTION('',(1.,0.,0.));
#3359=DIRECTION('',(0.,0.,-1.));
#3360=DIRECTION('',(0.,-1.,0.));
#3361=DIRECTION('',(0.,0.,-1.));
#3362=DIRECTION('',(0.,-1.,0.));
#3363=DIRECTION('',(1.,0.,0.));
#3364=DIRECTION('',(0.,0.,-1.));
#3365=DIRECTION('',(0.,-1.,0.));
#3366=DIRECTION('',(0.,-1.,0.));
#3367=DIRECTION('',(1.,0.,0.));
#3368=DIRECTION('',(0.,0.,-1.));
#3369=DIRECTION('',(0.,-1.,0.));
#3370=DIRECTION('',(0.,-1.,0.));
#3371=DIRECTION('',(1.,0.,0.));
#3372=DIRECTION('',(0.,0.,-1.));
#3373=DIRECTION('',(0.,-1.,0.));
#3374=DIRECTION('',(0.,-1.,0.));
#3375=DIRECTION('',(1.,0.,0.));
#3376=DIRECTION('',(0.,0.,-1.));
#3377=DIRECTION('',(0.,-1.,0.));
#3378=DIRECTION('',(0.,-1.,0.));
#3379=DIRECTION('',(1.,0.,0.));
#3380=DIRECTION('',(0.,0.,-1.));
#3381=DIRECTION('',(0.,-1.,0.));
#3382=DIRECTION('',(0.,-1.,0.));
#3383=DIRECTION('',(1.,0.,0.));
#3384=DIRECTION('',(0.,0.,-1.));
#3385=DIRECTION('',(0.,-1.,0.));
#3386=DIRECTION('',(0.,-1.,0.));
#3387=DIRECTION('',(-1.,0.,0.));
#3388=DIRECTION('',(0.,0.,1.));
#3389=DIRECTION('',(0.,1.,0.));
#3390=DIRECTION('',(0.,1.,0.));
#3391=DIRECTION('',(1.,0.,0.));
#3392=DIRECTION('',(0.,0.,-1.));
#3393=DIRECTION('',(0.,-1.,0.));
#3394=DIRECTION('',(0.,-1.,0.));
#3395=DIRECTION('',(0.,1.,0.));
#3396=DIRECTION('',(0.,0.,1.));
#3397=DIRECTION('',(1.,0.,0.));
#3398=DIRECTION('',(1.,0.,0.));
#3399=DIRECTION('',(0.,1.,0.));
#3400=DIRECTION('',(0.,0.,1.));
#3401=DIRECTION('',(1.,0.,0.));
#3402=DIRECTION('',(0.,0.,-1.));
#3403=DIRECTION('',(1.,0.,0.));
#3404=DIRECTION('',(0.,0.,-1.));
#3405=DIRECTION('',(0.,0.,1.));
#3406=DIRECTION('',(1.,0.,0.));
#3407=DIRECTION('',(0.,0.,1.));
#3408=DIRECTION('',(1.,0.,0.));
#3409=DIRECTION('',(0.,0.,1.));
#3410=DIRECTION('',(1.,0.,0.));
#3411=DIRECTION('',(0.,0.,1.));
#3412=DIRECTION('',(1.,0.,0.));
#3413=DIRECTION('',(0.,0.,1.));
#3414=DIRECTION('',(1.,0.,0.));
#3415=DIRECTION('',(0.,0.,1.));
#3416=DIRECTION('',(1.,0.,0.));
#3417=DIRECTION('',(0.,0.,1.));
#3418=DIRECTION('',(1.,0.,0.));
#3419=DIRECTION('',(0.,0.,1.));
#3420=DIRECTION('',(1.,0.,0.));
#3421=DIRECTION('',(0.,0.,1.));
#3422=DIRECTION('',(1.,0.,0.));
#3423=DIRECTION('',(0.,0.,1.));
#3424=DIRECTION('',(1.,0.,0.));
#3425=DIRECTION('',(0.,0.,-1.));
#3426=DIRECTION('',(-1.,0.,0.));
#3427=DIRECTION('',(0.,0.,-1.));
#3428=DIRECTION('',(-1.,0.,0.));
#3429=DIRECTION('',(0.,0.,1.));
#3430=DIRECTION('',(1.,0.,0.));
#3431=DIRECTION('',(0.,0.,1.));
#3432=DIRECTION('',(1.,0.,0.));
#3433=CARTESIAN_POINT('',(0.,0.,0.));
#3434=CARTESIAN_POINT('',(-0.0475,0.,0.016));
#3435=CARTESIAN_POINT('',(-0.0475,0.,0.016));
#3436=CARTESIAN_POINT('',(-0.0475,-0.0525,0.016));
#3437=CARTESIAN_POINT('',(-0.0475,0.0525,0.016));
#3438=CARTESIAN_POINT('',(-0.0475,0.0525,0.016));
#3439=CARTESIAN_POINT('',(-0.0475,0.0525,0.013));
#3440=CARTESIAN_POINT('',(-0.0475,0.,0.013));
#3441=CARTESIAN_POINT('',(-0.0475,-0.0525,0.013));
#3442=CARTESIAN_POINT('',(-0.0475,-0.0525,0.016));
#3443=CARTESIAN_POINT('',(-0.0455,-0.0575,0.016));
#3444=CARTESIAN_POINT('',(-0.0455,-0.0575,0.013));
#3445=CARTESIAN_POINT('',(-0.0425,-0.0575,0.013));
#3446=CARTESIAN_POINT('',(0.0425,-0.0575,0.013));
#3447=CARTESIAN_POINT('',(0.0425,-0.0575,0.016));
#3448=CARTESIAN_POINT('',(0.0425,-0.0575,0.016));
#3449=CARTESIAN_POINT('',(-0.0455,-0.0575,0.016));
#3450=CARTESIAN_POINT('',(-0.0425,-0.0575,0.016));
#3451=CARTESIAN_POINT('',(-0.0425,-0.0575,0.013));
#3452=CARTESIAN_POINT('',(0.0475,-6.93889390390723E-18,0.016));
#3453=CARTESIAN_POINT('',(0.0475,-6.93889390390723E-18,0.013));
#3454=CARTESIAN_POINT('',(0.0475,0.0525,0.013));
#3455=CARTESIAN_POINT('',(0.0475,-0.0525,0.013));
#3456=CARTESIAN_POINT('',(0.0475,0.0525,0.016));
#3457=CARTESIAN_POINT('',(0.0475,0.0525,0.016));
#3458=CARTESIAN_POINT('',(0.0475,-6.93889390390723E-18,0.016));
#3459=CARTESIAN_POINT('',(0.0475,-0.0525,0.016));
#3460=CARTESIAN_POINT('',(0.0475,-0.0525,0.013));
#3461=CARTESIAN_POINT('',(0.0425,0.0525,0.016));
#3462=CARTESIAN_POINT('',(0.0425,0.0525,0.016));
#3463=CARTESIAN_POINT('',(0.04395,0.0525,0.016));
#3464=CARTESIAN_POINT('',(0.0425,0.0525,0.013));
#3465=CARTESIAN_POINT('',(0.04395,0.0525,0.013));
#3466=CARTESIAN_POINT('',(0.0425,-0.0525,0.016));
#3467=CARTESIAN_POINT('',(0.0425,-0.0525,0.016));
#3468=CARTESIAN_POINT('',(0.04395,-0.0525,0.016));
#3469=CARTESIAN_POINT('',(0.0425,-0.0525,0.013));
#3470=CARTESIAN_POINT('',(0.04395,-0.0525,0.013));
#3471=CARTESIAN_POINT('',(-0.043,-0.0525,0.016));
#3472=CARTESIAN_POINT('',(-0.043,-0.0525,0.016));
#3473=CARTESIAN_POINT('',(-0.04155,-0.0525,0.016));
#3474=CARTESIAN_POINT('',(-0.043,-0.0525,0.013));
#3475=CARTESIAN_POINT('',(-0.04155,-0.0525,0.013));
#3476=CARTESIAN_POINT('',(-0.0455,0.0575,0.016));
#3477=CARTESIAN_POINT('',(-0.0455,0.0575,0.013));
#3478=CARTESIAN_POINT('',(-0.0425,0.0575,0.013));
#3479=CARTESIAN_POINT('',(0.0425,0.0575,0.013));
#3480=CARTESIAN_POINT('',(-0.0425,0.0575,0.016));
#3481=CARTESIAN_POINT('',(-0.0425,0.0575,0.016));
#3482=CARTESIAN_POINT('',(-0.0455,0.0575,0.016));
#3483=CARTESIAN_POINT('',(0.0425,0.0575,0.016));
#3484=CARTESIAN_POINT('',(0.0425,0.0575,0.016));
#3485=CARTESIAN_POINT('',(-0.043,0.0525,0.016));
#3486=CARTESIAN_POINT('',(-0.043,0.0525,0.016));
#3487=CARTESIAN_POINT('',(-0.04155,0.0525,0.016));
#3488=CARTESIAN_POINT('',(-0.043,0.0525,0.013));
#3489=CARTESIAN_POINT('',(-0.04155,0.0525,0.013));
#3490=CARTESIAN_POINT('',(-0.00025,0.,0.016));
#3491=CARTESIAN_POINT('',(-0.00025,-0.0265660759217785,0.016));
#3492=CARTESIAN_POINT('',(0.0313164909999998,-0.0265660759217785,0.016));
#3493=CARTESIAN_POINT('',(0.0173464909999998,-0.0265660759217785,0.016));
#3494=CARTESIAN_POINT('',(0.0313164909999998,0.,0.016));
#3495=CARTESIAN_POINT('',(0.0313164909999998,-0.0405360759217785,0.016));
#3496=CARTESIAN_POINT('',(-0.00025,-0.0405360759217785,0.016));
#3497=CARTESIAN_POINT('',(0.0173464909999999,-0.0405360759217785,0.016));
#3498=CARTESIAN_POINT('',(0.0173464909999998,0.,0.016));
#3499=CARTESIAN_POINT('',(-0.00025,0.0394519240782215,0.016));
#3500=CARTESIAN_POINT('',(0.027239491,0.0394519240782216,0.016));
#3501=CARTESIAN_POINT('',(0.0010534909999998,0.0394519240782215,0.016));
#3502=CARTESIAN_POINT('',(-0.00204849950334617,0.038068239487513,0.016));
#3503=CARTESIAN_POINT('',(0.0274934909999998,0.0394639240782216,0.016));
#3504=CARTESIAN_POINT('',(0.0274934909999998,0.,0.016));
#3505=CARTESIAN_POINT('',(0.0274934909999998,0.0228269240782215,0.016));
#3506=CARTESIAN_POINT('',(-7.75951011737958E-5,0.0230332944831706,0.016));
#3507=CARTESIAN_POINT('',(0.024153491,0.0228519240782215,0.016));
#3508=CARTESIAN_POINT('',(-0.00025,0.0228519240782215,0.016));
#3509=CARTESIAN_POINT('',(0.0010534909999998,0.0228519240782215,0.016));
#3510=CARTESIAN_POINT('',(0.0010534909999998,0.,0.016));
#3511=CARTESIAN_POINT('',(-0.00025,0.0299969240782216,0.016));
#3512=CARTESIAN_POINT('',(-0.0180685090000002,0.0299969240782216,0.016));
#3513=CARTESIAN_POINT('',(-0.0302685090000002,0.0299969240782216,0.016));
#3514=CARTESIAN_POINT('',(-0.0180685090000002,0.,0.016));
#3515=CARTESIAN_POINT('',(-0.0180685090000002,0.0181969240782215,0.016));
#3516=CARTESIAN_POINT('',(-0.00025,0.0181969240782215,0.016));
#3517=CARTESIAN_POINT('',(-0.0302685090000002,0.0181969240782215,0.016));
#3518=CARTESIAN_POINT('',(-0.0302685090000002,0.,0.016));
#3519=CARTESIAN_POINT('',(-0.00025,0.0115819240782215,0.016));
#3520=CARTESIAN_POINT('',(-0.0176035090000002,0.0115819240782215,0.016));
#3521=CARTESIAN_POINT('',(-0.0315735090000002,0.0115819240782215,0.016));
#3522=CARTESIAN_POINT('',(-0.0176035090000002,0.,0.016));
#3523=CARTESIAN_POINT('',(-0.0176035090000002,-0.00238807592177849,0.016));
#3524=CARTESIAN_POINT('',(-0.00025,-0.00238807592177849,0.016));
#3525=CARTESIAN_POINT('',(-0.0315735090000002,-0.00238807592177849,0.016));
#3526=CARTESIAN_POINT('',(-0.0315735090000002,0.,0.016));
#3527=CARTESIAN_POINT('',(-0.00025,-0.00741807592177848,0.016));
#3528=CARTESIAN_POINT('',(-0.0176035090000002,-0.00741807592177848,0.016));
#3529=CARTESIAN_POINT('',(-0.0315735090000002,-0.00741807592177848,0.016));
#3530=CARTESIAN_POINT('',(-0.0176035090000002,0.,0.016));
#3531=CARTESIAN_POINT('',(-0.0176035090000002,-0.0213880759217785,0.016));
#3532=CARTESIAN_POINT('',(-0.00025,-0.0213880759217785,0.016));
#3533=CARTESIAN_POINT('',(-0.0315735090000002,-0.0213880759217785,0.016));
#3534=CARTESIAN_POINT('',(-0.0315735090000002,0.,0.016));
#3535=CARTESIAN_POINT('',(-0.00025,0.0115819240782215,0.016));
#3536=CARTESIAN_POINT('',(0.0312364909999998,0.0115819240782215,0.016));
#3537=CARTESIAN_POINT('',(0.0172664909999998,0.0115819240782215,0.016));
#3538=CARTESIAN_POINT('',(0.0312364909999998,0.,0.016));
#3539=CARTESIAN_POINT('',(0.0312364909999998,-0.00238807592177849,0.016));
#3540=CARTESIAN_POINT('',(-0.00025,-0.00238807592177849,0.016));
#3541=CARTESIAN_POINT('',(0.0172664909999998,-0.00238807592177849,0.016));
#3542=CARTESIAN_POINT('',(0.0172664909999998,0.,0.016));
#3543=CARTESIAN_POINT('',(-0.00025,0.0115819240782215,0.016));
#3544=CARTESIAN_POINT('',(0.0121564909999998,0.0115819240782215,0.016));
#3545=CARTESIAN_POINT('',(-0.00181350900000019,0.0115819240782215,0.016));
#3546=CARTESIAN_POINT('',(0.0121564909999998,0.,0.016));
#3547=CARTESIAN_POINT('',(0.0121564909999998,-0.00238807592177849,0.016));
#3548=CARTESIAN_POINT('',(-0.00025,-0.00238807592177849,0.016));
#3549=CARTESIAN_POINT('',(-0.00181350900000019,-0.00238807592177849,0.016));
#3550=CARTESIAN_POINT('',(-0.00181350900000019,0.,0.016));
#3551=CARTESIAN_POINT('',(-0.00025,-0.00741807592177848,0.016));
#3552=CARTESIAN_POINT('',(0.0121964909999998,-0.00741807592177848,0.016));
#3553=CARTESIAN_POINT('',(-0.0017735090000002,-0.00741807592177848,0.016));
#3554=CARTESIAN_POINT('',(0.0121964909999998,0.,0.016));
#3555=CARTESIAN_POINT('',(0.0121964909999998,-0.0213880759217785,0.016));
#3556=CARTESIAN_POINT('',(-0.00025,-0.0213880759217785,0.016));
#3557=CARTESIAN_POINT('',(-0.0017735090000002,-0.0213880759217785,0.016));
#3558=CARTESIAN_POINT('',(-0.0017735090000002,0.,0.016));
#3559=CARTESIAN_POINT('',(-0.00025,-0.00741807592177848,0.016));
#3560=CARTESIAN_POINT('',(0.0313164909999998,-0.00741807592177848,0.016));
#3561=CARTESIAN_POINT('',(0.0173464909999998,-0.00741807592177848,0.016));
#3562=CARTESIAN_POINT('',(0.0313164909999998,0.,0.016));
#3563=CARTESIAN_POINT('',(0.0313164909999998,-0.0213880759217785,0.016));
#3564=CARTESIAN_POINT('',(-0.00025,-0.0213880759217785,0.016));
#3565=CARTESIAN_POINT('',(0.0173464909999999,-0.0213880759217785,0.016));
#3566=CARTESIAN_POINT('',(0.0173464909999998,0.,0.016));
#3567=CARTESIAN_POINT('',(-0.0425,0.0525,0.016));
#3568=CARTESIAN_POINT('',(-0.0425,-0.0525,0.016));
#3569=CARTESIAN_POINT('',(0.0425,-0.0525,0.016));
#3570=CARTESIAN_POINT('',(0.0425,0.0525,0.016));
#3571=CARTESIAN_POINT('',(-0.00025,0.,0.013));
#3572=CARTESIAN_POINT('',(0.0313164909999998,0.,0.013));
#3573=CARTESIAN_POINT('',(0.0313164909999998,-0.0405360759217785,0.013));
#3574=CARTESIAN_POINT('',(0.0313164909999998,-0.0265660759217785,0.013));
#3575=CARTESIAN_POINT('',(-0.00025,-0.0265660759217785,0.013));
#3576=CARTESIAN_POINT('',(0.0173464909999998,-0.0265660759217785,0.013));
#3577=CARTESIAN_POINT('',(0.0173464909999998,0.,0.013));
#3578=CARTESIAN_POINT('',(0.0173464909999999,-0.0405360759217785,0.013));
#3579=CARTESIAN_POINT('',(-0.00025,-0.0405360759217785,0.013));
#3580=CARTESIAN_POINT('',(-0.00204849950334617,0.038068239487513,0.013));
#3581=CARTESIAN_POINT('',(0.027239491,0.0394519240782216,0.013));
#3582=CARTESIAN_POINT('',(0.0274934909999998,0.0394639240782215,0.013));
#3583=CARTESIAN_POINT('',(-0.00025,0.0394519240782215,0.013));
#3584=CARTESIAN_POINT('',(0.0010534909999998,0.0394519240782215,0.013));
#3585=CARTESIAN_POINT('',(0.0010534909999998,0.,0.013));
#3586=CARTESIAN_POINT('',(0.0010534909999998,0.0228519240782215,0.013));
#3587=CARTESIAN_POINT('',(-0.00025,0.0228519240782215,0.013));
#3588=CARTESIAN_POINT('',(0.024153491,0.0228519240782215,0.013));
#3589=CARTESIAN_POINT('',(-7.75951011737958E-5,0.0230332944831706,0.013));
#3590=CARTESIAN_POINT('',(0.0274934909999998,0.0228269240782215,0.013));
#3591=CARTESIAN_POINT('',(0.0274934909999998,0.,0.013));
#3592=CARTESIAN_POINT('',(-0.0180685090000002,0.,0.013));
#3593=CARTESIAN_POINT('',(-0.0180685090000002,0.0181969240782215,0.013));
#3594=CARTESIAN_POINT('',(-0.0180685090000002,0.0299969240782216,0.013));
#3595=CARTESIAN_POINT('',(-0.00025,0.0299969240782216,0.013));
#3596=CARTESIAN_POINT('',(-0.0302685090000002,0.0299969240782216,0.013));
#3597=CARTESIAN_POINT('',(-0.0302685090000002,0.,0.013));
#3598=CARTESIAN_POINT('',(-0.0302685090000002,0.0181969240782215,0.013));
#3599=CARTESIAN_POINT('',(-0.00025,0.0181969240782215,0.013));
#3600=CARTESIAN_POINT('',(-0.0176035090000002,0.,0.013));
#3601=CARTESIAN_POINT('',(-0.0176035090000002,-0.00238807592177849,0.013));
#3602=CARTESIAN_POINT('',(-0.0176035090000002,0.0115819240782215,0.013));
#3603=CARTESIAN_POINT('',(-0.00025,0.0115819240782215,0.013));
#3604=CARTESIAN_POINT('',(-0.0315735090000002,0.0115819240782215,0.013));
#3605=CARTESIAN_POINT('',(-0.0315735090000002,0.,0.013));
#3606=CARTESIAN_POINT('',(-0.0315735090000002,-0.00238807592177849,0.013));
#3607=CARTESIAN_POINT('',(-0.00025,-0.00238807592177849,0.013));
#3608=CARTESIAN_POINT('',(-0.0176035090000002,0.,0.013));
#3609=CARTESIAN_POINT('',(-0.0176035090000002,-0.0213880759217785,0.013));
#3610=CARTESIAN_POINT('',(-0.0176035090000002,-0.00741807592177848,0.013));
#3611=CARTESIAN_POINT('',(-0.00025,-0.00741807592177848,0.013));
#3612=CARTESIAN_POINT('',(-0.0315735090000002,-0.00741807592177848,0.013));
#3613=CARTESIAN_POINT('',(-0.0315735090000002,0.,0.013));
#3614=CARTESIAN_POINT('',(-0.0315735090000002,-0.0213880759217785,0.013));
#3615=CARTESIAN_POINT('',(-0.00025,-0.0213880759217785,0.013));
#3616=CARTESIAN_POINT('',(0.0312364909999998,0.,0.013));
#3617=CARTESIAN_POINT('',(0.0312364909999998,-0.00238807592177849,0.013));
#3618=CARTESIAN_POINT('',(0.0312364909999998,0.0115819240782215,0.013));
#3619=CARTESIAN_POINT('',(-0.00025,0.0115819240782215,0.013));
#3620=CARTESIAN_POINT('',(0.0172664909999998,0.0115819240782215,0.013));
#3621=CARTESIAN_POINT('',(0.0172664909999998,0.,0.013));
#3622=CARTESIAN_POINT('',(0.0172664909999998,-0.00238807592177849,0.013));
#3623=CARTESIAN_POINT('',(-0.00025,-0.00238807592177849,0.013));
#3624=CARTESIAN_POINT('',(0.0121564909999998,0.,0.013));
#3625=CARTESIAN_POINT('',(0.0121564909999998,-0.00238807592177849,0.013));
#3626=CARTESIAN_POINT('',(0.0121564909999998,0.0115819240782215,0.013));
#3627=CARTESIAN_POINT('',(-0.00025,0.0115819240782215,0.013));
#3628=CARTESIAN_POINT('',(-0.00181350900000019,0.0115819240782215,0.013));
#3629=CARTESIAN_POINT('',(-0.00181350900000019,0.,0.013));
#3630=CARTESIAN_POINT('',(-0.00181350900000019,-0.00238807592177849,0.013));
#3631=CARTESIAN_POINT('',(-0.00025,-0.00238807592177849,0.013));
#3632=CARTESIAN_POINT('',(0.0121964909999998,0.,0.013));
#3633=CARTESIAN_POINT('',(0.0121964909999998,-0.0213880759217785,0.013));
#3634=CARTESIAN_POINT('',(0.0121964909999998,-0.00741807592177848,0.013));
#3635=CARTESIAN_POINT('',(-0.00025,-0.00741807592177848,0.013));
#3636=CARTESIAN_POINT('',(-0.0017735090000002,-0.00741807592177848,0.013));
#3637=CARTESIAN_POINT('',(-0.0017735090000002,0.,0.013));
#3638=CARTESIAN_POINT('',(-0.0017735090000002,-0.0213880759217785,0.013));
#3639=CARTESIAN_POINT('',(-0.00025,-0.0213880759217785,0.013));
#3640=CARTESIAN_POINT('',(0.0313164909999998,0.,0.013));
#3641=CARTESIAN_POINT('',(0.0313164909999998,-0.0213880759217785,0.013));
#3642=CARTESIAN_POINT('',(0.0313164909999998,-0.00741807592177848,0.013));
#3643=CARTESIAN_POINT('',(-0.00025,-0.00741807592177848,0.013));
#3644=CARTESIAN_POINT('',(0.0173464909999998,-0.00741807592177848,0.013));
#3645=CARTESIAN_POINT('',(0.0173464909999998,0.,0.013));
#3646=CARTESIAN_POINT('',(0.0173464909999999,-0.0213880759217785,0.013));
#3647=CARTESIAN_POINT('',(-0.00025,-0.0213880759217785,0.013));
#3648=CARTESIAN_POINT('',(-0.0425,0.0525,0.013));
#3649=CARTESIAN_POINT('',(0.0425,0.0525,0.013));
#3650=CARTESIAN_POINT('',(0.0425,-0.0525,0.013));
#3651=CARTESIAN_POINT('',(-0.0425,-0.0525,0.013));
#3652=CARTESIAN_POINT('',(0.0243314909999998,-0.00741807592177848,0.0534));
#3653=CARTESIAN_POINT('',(0.0173464909999998,-0.00741807592177848,0.0534));
#3654=CARTESIAN_POINT('',(0.0313164909999998,-0.00741807592177848,0.0534));
#3655=CARTESIAN_POINT('',(0.0173464909999998,-0.0144030759217785,0.0534));
#3656=CARTESIAN_POINT('',(0.0173464909999999,-0.0213880759217785,0.0534));
#3657=CARTESIAN_POINT('',(0.0243314909999998,-0.0213880759217785,0.0534));
#3658=CARTESIAN_POINT('',(0.0313164909999998,-0.0213880759217785,0.0534));
#3659=CARTESIAN_POINT('',(0.0313164909999998,-0.0144030759217785,0.0534));
#3660=CARTESIAN_POINT('',(0.00521149099999982,-0.00741807592177848,0.0534));
#3661=CARTESIAN_POINT('',(-0.0017735090000002,-0.00741807592177848,0.0534));
#3662=CARTESIAN_POINT('',(0.0121964909999998,-0.00741807592177848,0.0534));
#3663=CARTESIAN_POINT('',(-0.0017735090000002,-0.0144030759217785,0.0534));
#3664=CARTESIAN_POINT('',(-0.0017735090000002,-0.0213880759217785,0.0534));
#3665=CARTESIAN_POINT('',(0.00521149099999979,-0.0213880759217785,0.0534));
#3666=CARTESIAN_POINT('',(0.0121964909999998,-0.0213880759217785,0.0534));
#3667=CARTESIAN_POINT('',(0.0121964909999998,-0.0144030759217785,0.0534));
#3668=CARTESIAN_POINT('',(0.00517149099999981,0.0115819240782215,0.0534));
#3669=CARTESIAN_POINT('',(-0.00181350900000019,0.0115819240782215,0.0534));
#3670=CARTESIAN_POINT('',(0.0121564909999998,0.0115819240782215,0.0534));
#3671=CARTESIAN_POINT('',(-0.00181350900000019,0.00459692407822152,0.0534));
#3672=CARTESIAN_POINT('',(-0.00181350900000019,-0.00238807592177849,0.0534));
#3673=CARTESIAN_POINT('',(0.00517149099999981,-0.00238807592177849,0.0534));
#3674=CARTESIAN_POINT('',(0.0121564909999998,-0.00238807592177849,0.0534));
#3675=CARTESIAN_POINT('',(0.0121564909999998,0.00459692407822152,0.0534));
#3676=CARTESIAN_POINT('',(0.0242514909999998,0.0115819240782215,0.0534));
#3677=CARTESIAN_POINT('',(0.0172664909999998,0.0115819240782215,0.0534));
#3678=CARTESIAN_POINT('',(0.0312364909999998,0.0115819240782215,0.0534));
#3679=CARTESIAN_POINT('',(0.0172664909999998,0.00459692407822152,0.0534));
#3680=CARTESIAN_POINT('',(0.0172664909999998,-0.00238807592177849,0.0534));
#3681=CARTESIAN_POINT('',(0.0242514909999998,-0.00238807592177849,0.0534));
#3682=CARTESIAN_POINT('',(0.0312364909999998,-0.00238807592177849,0.0534));
#3683=CARTESIAN_POINT('',(0.0312364909999998,0.00459692407822152,0.0534));
#3684=CARTESIAN_POINT('',(-0.0245885090000002,-0.00741807592177848,0.0534));
#3685=CARTESIAN_POINT('',(-0.0315735090000002,-0.00741807592177848,0.0534));
#3686=CARTESIAN_POINT('',(-0.0176035090000002,-0.00741807592177848,0.0534));
#3687=CARTESIAN_POINT('',(-0.0315735090000002,-0.0144030759217785,0.0534));
#3688=CARTESIAN_POINT('',(-0.0315735090000002,-0.0213880759217785,0.0534));
#3689=CARTESIAN_POINT('',(-0.0245885090000002,-0.0213880759217785,0.0534));
#3690=CARTESIAN_POINT('',(-0.0176035090000002,-0.0213880759217785,0.0534));
#3691=CARTESIAN_POINT('',(-0.0176035090000002,-0.0144030759217785,0.0534));
#3692=CARTESIAN_POINT('',(-0.0245885090000002,0.0115819240782215,0.0534));
#3693=CARTESIAN_POINT('',(-0.0315735090000002,0.0115819240782215,0.0534));
#3694=CARTESIAN_POINT('',(-0.0176035090000002,0.0115819240782215,0.0534));
#3695=CARTESIAN_POINT('',(-0.0315735090000002,0.00459692407822152,0.0534));
#3696=CARTESIAN_POINT('',(-0.0315735090000002,-0.00238807592177849,0.0534));
#3697=CARTESIAN_POINT('',(-0.0245885090000002,-0.00238807592177849,0.0534));
#3698=CARTESIAN_POINT('',(-0.0176035090000002,-0.00238807592177849,0.0534));
#3699=CARTESIAN_POINT('',(-0.0176035090000002,0.00459692407822152,0.0534));
#3700=CARTESIAN_POINT('',(-0.0201185090000001,0.0299969240782216,0.0534));
#3701=CARTESIAN_POINT('',(-0.0302685090000002,0.0299969240782216,0.0534));
#3702=CARTESIAN_POINT('',(-0.0180685090000002,0.0299969240782216,0.0534));
#3703=CARTESIAN_POINT('',(-0.0302685090000002,0.0240969240782215,0.0534));
#3704=CARTESIAN_POINT('',(-0.0302685090000002,0.0181969240782215,0.0534));
#3705=CARTESIAN_POINT('',(-0.0282185090000002,0.0181969240782215,0.0534));
#3706=CARTESIAN_POINT('',(-0.0180685090000002,0.0181969240782215,0.0534));
#3707=CARTESIAN_POINT('',(-0.0180685090000002,0.0193969240782215,0.0534));
#3708=CARTESIAN_POINT('',(0.0126034909999998,0.0394519240782215,0.0534));
#3709=CARTESIAN_POINT('',(0.0010534909999998,0.0394519240782215,0.0534));
#3710=CARTESIAN_POINT('',(0.027239491,0.0394519240782216,0.0534));
#3711=CARTESIAN_POINT('',(0.0010534909999998,0.0311519240782216,0.0534));
#3712=CARTESIAN_POINT('',(0.0010534909999998,0.0228519240782215,0.0534));
#3713=CARTESIAN_POINT('',(0.0126034909999998,0.0228519240782215,0.0534));
#3714=CARTESIAN_POINT('',(0.024153491,0.0228519240782215,0.0534));
#3715=CARTESIAN_POINT('',(0.025823491,0.0228394240782216,0.0534));
#3716=CARTESIAN_POINT('',(0.0274934909999998,0.0228269240782215,0.0534));
#3717=CARTESIAN_POINT('',(0.0274934909999998,0.0311454240782215,0.0534));
#3718=CARTESIAN_POINT('',(0.0274934909999998,0.0394639240782215,0.0534));
#3719=CARTESIAN_POINT('',(0.027366491,0.0394579240782216,0.0534));
#3720=CARTESIAN_POINT('',(0.0243314909999998,-0.0265660759217785,0.0534));
#3721=CARTESIAN_POINT('',(0.0173464909999998,-0.0265660759217785,0.0534));
#3722=CARTESIAN_POINT('',(0.0313164909999998,-0.0265660759217785,0.0534));
#3723=CARTESIAN_POINT('',(0.0173464909999998,-0.0335510759217785,0.0534));
#3724=CARTESIAN_POINT('',(0.0173464909999999,-0.0405360759217785,0.0534));
#3725=CARTESIAN_POINT('',(0.0243314909999998,-0.0405360759217785,0.0534));
#3726=CARTESIAN_POINT('',(0.0313164909999998,-0.0405360759217785,0.0534));
#3727=CARTESIAN_POINT('',(0.0313164909999998,-0.0335510759217785,0.0534));
#3728=CARTESIAN_POINT('',(-0.0425,0.0525,0.016));
#3729=CARTESIAN_POINT('',(0.0425,0.0525,0.016));
#3730=CARTESIAN_POINT('',(0.0425,-0.0525,0.016));
#3731=CARTESIAN_POINT('',(-0.0425,-0.0525,0.016));
#3732=CARTESIAN_POINT('',(0.,0.,0.));
#3733=CARTESIAN_POINT('',(-0.048,0.,0.003));
#3734=CARTESIAN_POINT('',(-0.048,0.,0.013));
#3735=CARTESIAN_POINT('',(-0.048,0.0525,0.013));
#3736=CARTESIAN_POINT('',(-0.048,-0.0525,0.013));
#3737=CARTESIAN_POINT('',(-0.048,0.0525,0.));
#3738=CARTESIAN_POINT('',(-0.048,0.0525,0.));
#3739=CARTESIAN_POINT('',(-0.048,0.,0.));
#3740=CARTESIAN_POINT('',(-0.048,-0.0525,0.));
#3741=CARTESIAN_POINT('',(-0.048,-0.0525,0.003));
#3742=CARTESIAN_POINT('',(-0.048,-0.0295280759217785,0.0065));
#3743=CARTESIAN_POINT('',(-0.048,-0.0295280759217785,0.003));
#3744=CARTESIAN_POINT('',(-0.048,-0.0295280759217785,0.01));
#3745=CARTESIAN_POINT('',(-0.048,-0.0340280759217785,0.01));
#3746=CARTESIAN_POINT('',(-0.048,-0.0385280759217784,0.01));
#3747=CARTESIAN_POINT('',(-0.048,-0.0385280759217784,0.0065));
#3748=CARTESIAN_POINT('',(-0.048,-0.0385280759217784,0.003));
#3749=CARTESIAN_POINT('',(-0.048,-0.0340280759217785,0.003));
#3750=CARTESIAN_POINT('',(-0.0365,-6.93889390390723E-18,0.013));
#3751=CARTESIAN_POINT('',(-0.0365,-0.0295280759217784,0.013));
#3752=CARTESIAN_POINT('',(-0.0365,-0.0295280759217784,0.003));
#3753=CARTESIAN_POINT('',(-0.0365,-0.0295280759217784,0.01));
#3754=CARTESIAN_POINT('',(-0.0365,-5.4681500873182E-18,0.003));
#3755=CARTESIAN_POINT('',(-0.0365,0.046,0.003));
#3756=CARTESIAN_POINT('',(-0.0365,0.046,0.013));
#3757=CARTESIAN_POINT('',(-0.0365,0.046,0.013));
#3758=CARTESIAN_POINT('',(-0.0365,-6.93889390390723E-18,0.013));
#3759=CARTESIAN_POINT('',(-0.0365,-0.046,0.013));
#3760=CARTESIAN_POINT('',(-0.0365,-0.046,0.013));
#3761=CARTESIAN_POINT('',(-0.0365,-0.046,0.003));
#3762=CARTESIAN_POINT('',(-0.0365,-5.4681500873182E-18,0.003));
#3763=CARTESIAN_POINT('',(-0.0365,-0.0385280759217784,0.003));
#3764=CARTESIAN_POINT('',(-0.0365,-0.0385280759217784,0.013));
#3765=CARTESIAN_POINT('',(-0.0365,-0.0385280759217784,0.01));
#3766=CARTESIAN_POINT('',(-0.0365,-6.93889390390723E-18,0.01));
#3767=CARTESIAN_POINT('',(-0.0455,0.0575,0.003));
#3768=CARTESIAN_POINT('',(-0.0455,0.0575,0.));
#3769=CARTESIAN_POINT('',(-0.043,0.0575,0.));
#3770=CARTESIAN_POINT('',(0.0425,0.0575,0.));
#3771=CARTESIAN_POINT('',(-0.043,0.0575,0.013));
#3772=CARTESIAN_POINT('',(-0.043,0.0575,0.013));
#3773=CARTESIAN_POINT('',(-0.0455,0.0575,0.013));
#3774=CARTESIAN_POINT('',(0.0425,0.0575,0.013));
#3775=CARTESIAN_POINT('',(0.0425,0.0575,0.003));
#3776=CARTESIAN_POINT('',(-0.0455,-0.0575,0.003));
#3777=CARTESIAN_POINT('',(-0.0455,-0.0575,0.));
#3778=CARTESIAN_POINT('',(-0.043,-0.0575,0.));
#3779=CARTESIAN_POINT('',(0.0425,-0.0575,0.));
#3780=CARTESIAN_POINT('',(0.0425,-0.0575,0.013));
#3781=CARTESIAN_POINT('',(0.0425,-0.0575,0.013));
#3782=CARTESIAN_POINT('',(-0.0455,-0.0575,0.013));
#3783=CARTESIAN_POINT('',(-0.043,-0.0575,0.013));
#3784=CARTESIAN_POINT('',(-0.043,-0.0575,0.003));
#3785=CARTESIAN_POINT('',(-0.043,0.0525,0.003));
#3786=CARTESIAN_POINT('',(-0.043,0.0525,0.003));
#3787=CARTESIAN_POINT('',(-0.04155,0.0525,0.003));
#3788=CARTESIAN_POINT('',(-0.043,0.0525,0.013));
#3789=CARTESIAN_POINT('',(-0.04155,0.0525,0.013));
#3790=CARTESIAN_POINT('',(0.0425,0.0525,0.003));
#3791=CARTESIAN_POINT('',(0.0425,0.0525,0.003));
#3792=CARTESIAN_POINT('',(0.04395,0.0525,0.003));
#3793=CARTESIAN_POINT('',(0.0425,0.0525,0.013));
#3794=CARTESIAN_POINT('',(0.04395,0.0525,0.013));
#3795=CARTESIAN_POINT('',(0.0425,-0.0525,0.003));
#3796=CARTESIAN_POINT('',(0.0425,-0.0525,0.003));
#3797=CARTESIAN_POINT('',(0.04395,-0.0525,0.003));
#3798=CARTESIAN_POINT('',(0.0425,-0.0525,0.013));
#3799=CARTESIAN_POINT('',(0.04395,-0.0525,0.013));
#3800=CARTESIAN_POINT('',(-0.043,-0.0525,0.003));
#3801=CARTESIAN_POINT('',(-0.043,-0.0525,0.003));
#3802=CARTESIAN_POINT('',(-0.04155,-0.0525,0.003));
#3803=CARTESIAN_POINT('',(-0.043,-0.0525,0.013));
#3804=CARTESIAN_POINT('',(-0.04155,-0.0525,0.013));
#3805=CARTESIAN_POINT('',(0.0475,-6.93889390390723E-18,0.003));
#3806=CARTESIAN_POINT('',(0.0475,-6.93889390390723E-18,0.));
#3807=CARTESIAN_POINT('',(0.0475,0.0525,0.));
#3808=CARTESIAN_POINT('',(0.0475,-0.0525,0.));
#3809=CARTESIAN_POINT('',(0.0475,0.0525,0.003));
#3810=CARTESIAN_POINT('',(0.0475,0.0525,0.013));
#3811=CARTESIAN_POINT('',(0.0475,-6.93889390390723E-18,0.013));
#3812=CARTESIAN_POINT('',(0.0475,-0.0525,0.013));
#3813=CARTESIAN_POINT('',(0.0475,-0.0525,0.));
#3814=CARTESIAN_POINT('',(-0.00025,0.,0.));
#3815=CARTESIAN_POINT('',(0.0425,-0.0525,0.));
#3816=CARTESIAN_POINT('',(0.04534,-0.0525,0.));
#3817=CARTESIAN_POINT('',(-0.043,0.0525,0.));
#3818=CARTESIAN_POINT('',(-0.04016,0.0525,0.));
#3819=CARTESIAN_POINT('',(0.0425,0.0525,0.));
#3820=CARTESIAN_POINT('',(0.04534,0.0525,0.));
#3821=CARTESIAN_POINT('',(-0.043,-0.0525,0.));
#3822=CARTESIAN_POINT('',(-0.04016,-0.0525,0.));
#3823=CARTESIAN_POINT('',(-0.043,0.0525,0.));
#3824=CARTESIAN_POINT('',(0.0425,0.0525,0.));
#3825=CARTESIAN_POINT('',(0.0425,-0.0525,0.));
#3826=CARTESIAN_POINT('',(-0.043,-0.0525,0.));
#3827=CARTESIAN_POINT('',(0.036,6.93889390390723E-18,0.013));
#3828=CARTESIAN_POINT('',(0.036,0.046,0.013));
#3829=CARTESIAN_POINT('',(0.036,0.046,0.013));
#3830=CARTESIAN_POINT('',(0.036,0.046,0.003));
#3831=CARTESIAN_POINT('',(0.036,5.4681500873182E-18,0.003));
#3832=CARTESIAN_POINT('',(0.036,-0.046,0.003));
#3833=CARTESIAN_POINT('',(0.036,-0.046,0.013));
#3834=CARTESIAN_POINT('',(0.036,-0.046,0.013));
#3835=CARTESIAN_POINT('',(0.036,6.93889390390723E-18,0.013));
#3836=CARTESIAN_POINT('',(-0.00024999999999999,-0.046,0.013));
#3837=CARTESIAN_POINT('',(-0.000249999999999996,-0.046,0.003));
#3838=CARTESIAN_POINT('',(-0.00024999999999999,-0.046,0.013));
#3839=CARTESIAN_POINT('',(-0.000250000000000007,0.046,0.013));
#3840=CARTESIAN_POINT('',(-0.000250000000000009,0.046,0.003));
#3841=CARTESIAN_POINT('',(-0.000250000000000007,0.046,0.013));
#3842=CARTESIAN_POINT('',(-0.00025,0.,0.013));
#3843=CARTESIAN_POINT('',(-0.043,0.0525,0.013));
#3844=CARTESIAN_POINT('',(-0.043,-0.0525,0.013));
#3845=CARTESIAN_POINT('',(0.0425,-0.0525,0.013));
#3846=CARTESIAN_POINT('',(0.0425,0.0525,0.013));
#3847=CARTESIAN_POINT('',(-0.00025,0.,0.003));
#3848=CARTESIAN_POINT('',(-0.023,-0.0295280759217784,0.003));
#3849=CARTESIAN_POINT('',(-0.023,-0.0385280759217784,0.003));
#3850=CARTESIAN_POINT('',(-0.043,-0.0525,0.003));
#3851=CARTESIAN_POINT('',(-0.043,-0.0525,0.003));
#3852=CARTESIAN_POINT('',(-0.04016,-0.0525,0.003));
#3853=CARTESIAN_POINT('',(-0.00025,0.,0.003));
#3854=CARTESIAN_POINT('',(0.0425,0.0525,0.003));
#3855=CARTESIAN_POINT('',(0.0425,0.0525,0.003));
#3856=CARTESIAN_POINT('',(0.04534,0.0525,0.003));
#3857=CARTESIAN_POINT('',(-0.00025,0.,0.003));
#3858=CARTESIAN_POINT('',(-0.043,0.0525,0.003));
#3859=CARTESIAN_POINT('',(-0.043,0.0525,0.003));
#3860=CARTESIAN_POINT('',(-0.04016,0.0525,0.003));
#3861=CARTESIAN_POINT('',(-0.00025,0.,0.003));
#3862=CARTESIAN_POINT('',(0.0425,-0.0525,0.003));
#3863=CARTESIAN_POINT('',(0.0425,-0.0525,0.003));
#3864=CARTESIAN_POINT('',(0.04534,-0.0525,0.003));
#3865=CARTESIAN_POINT('',(-0.00025,0.,0.003));
#3866=CARTESIAN_POINT('',(-0.043,0.0525,0.003));
#3867=CARTESIAN_POINT('',(0.0425,0.0525,0.003));
#3868=CARTESIAN_POINT('',(0.0425,-0.0525,0.003));
#3869=CARTESIAN_POINT('',(-0.043,-0.0525,0.003));
#3870=CARTESIAN_POINT('',(-0.023,-0.0295280759217784,0.0065));
#3871=CARTESIAN_POINT('',(-0.023,-0.0295280759217784,0.01));
#3872=CARTESIAN_POINT('',(-0.023,-0.0385280759217784,0.0065));
#3873=CARTESIAN_POINT('',(-0.023,-0.0385280759217784,0.01));
#3874=CARTESIAN_POINT('',(-0.023,-0.0340280759217785,0.01));
#3875=CARTESIAN_POINT('',(0.,0.,0.));
#3876=CARTESIAN_POINT('',(-0.0475,0.,0.019));
#3877=CARTESIAN_POINT('',(-0.0475,0.,0.019));
#3878=CARTESIAN_POINT('',(-0.0475,-0.0525,0.019));
#3879=CARTESIAN_POINT('',(-0.0475,0.0525,0.019));
#3880=CARTESIAN_POINT('',(-0.0475,0.0525,0.019));
#3881=CARTESIAN_POINT('',(-0.0475,0.0525,0.016));
#3882=CARTESIAN_POINT('',(-0.0475,0.,0.016));
#3883=CARTESIAN_POINT('',(-0.0475,-0.0525,0.016));
#3884=CARTESIAN_POINT('',(-0.0475,-0.0525,0.019));
#3885=CARTESIAN_POINT('',(-0.0455,-0.0575,0.019));
#3886=CARTESIAN_POINT('',(-0.0455,-0.0575,0.016));
#3887=CARTESIAN_POINT('',(-0.0425,-0.0575,0.016));
#3888=CARTESIAN_POINT('',(0.0425,-0.0575,0.016));
#3889=CARTESIAN_POINT('',(0.0425,-0.0575,0.019));
#3890=CARTESIAN_POINT('',(0.0425,-0.0575,0.019));
#3891=CARTESIAN_POINT('',(-0.0455,-0.0575,0.019));
#3892=CARTESIAN_POINT('',(-0.0425,-0.0575,0.019));
#3893=CARTESIAN_POINT('',(-0.0425,-0.0575,0.016));
#3894=CARTESIAN_POINT('',(0.0475,-6.93889390390723E-18,0.019));
#3895=CARTESIAN_POINT('',(0.0475,-6.93889390390723E-18,0.016));
#3896=CARTESIAN_POINT('',(0.0475,0.0525,0.016));
#3897=CARTESIAN_POINT('',(0.0475,-0.0525,0.016));
#3898=CARTESIAN_POINT('',(0.0475,0.0525,0.019));
#3899=CARTESIAN_POINT('',(0.0475,0.0525,0.019));
#3900=CARTESIAN_POINT('',(0.0475,-6.93889390390723E-18,0.019));
#3901=CARTESIAN_POINT('',(0.0475,-0.0525,0.019));
#3902=CARTESIAN_POINT('',(0.0475,-0.0525,0.016));
#3903=CARTESIAN_POINT('',(-0.00025,-0.00741807592177848,0.019));
#3904=CARTESIAN_POINT('',(-0.00025,-0.00741807592177848,0.016));
#3905=CARTESIAN_POINT('',(0.0313164909999998,-0.00741807592177848,0.016));
#3906=CARTESIAN_POINT('',(0.0173464909999998,-0.00741807592177848,0.016));
#3907=CARTESIAN_POINT('',(0.0313164909999998,-0.00741807592177848,0.019));
#3908=CARTESIAN_POINT('',(0.0313164909999998,-0.00741807592177848,0.019));
#3909=CARTESIAN_POINT('',(-0.00025,-0.00741807592177848,0.019));
#3910=CARTESIAN_POINT('',(0.0173464909999998,-0.00741807592177848,0.019));
#3911=CARTESIAN_POINT('',(0.0173464909999998,-0.00741807592177848,0.019));
#3912=CARTESIAN_POINT('',(0.0313164909999998,0.,0.019));
#3913=CARTESIAN_POINT('',(0.0313164909999998,0.,0.016));
#3914=CARTESIAN_POINT('',(0.0313164909999998,-0.0213880759217785,0.016));
#3915=CARTESIAN_POINT('',(0.0313164909999998,-0.0213880759217785,0.019));
#3916=CARTESIAN_POINT('',(0.0313164909999998,-0.0213880759217785,0.019));
#3917=CARTESIAN_POINT('',(0.0313164909999998,0.,0.019));
#3918=CARTESIAN_POINT('',(-0.00025,-0.0213880759217785,0.019));
#3919=CARTESIAN_POINT('',(-0.00025,-0.0213880759217785,0.016));
#3920=CARTESIAN_POINT('',(0.0173464909999999,-0.0213880759217785,0.016));
#3921=CARTESIAN_POINT('',(0.0173464909999999,-0.0213880759217785,0.019));
#3922=CARTESIAN_POINT('',(0.0173464909999999,-0.0213880759217785,0.019));
#3923=CARTESIAN_POINT('',(-0.00025,-0.0213880759217785,0.019));
#3924=CARTESIAN_POINT('',(-0.00025,-0.00741807592177848,0.019));
#3925=CARTESIAN_POINT('',(-0.00025,-0.00741807592177848,0.016));
#3926=CARTESIAN_POINT('',(0.0121964909999998,-0.00741807592177848,0.016));
#3927=CARTESIAN_POINT('',(-0.0017735090000002,-0.00741807592177848,0.016));
#3928=CARTESIAN_POINT('',(0.0121964909999998,-0.00741807592177848,0.019));
#3929=CARTESIAN_POINT('',(0.0121964909999998,-0.00741807592177848,0.019));
#3930=CARTESIAN_POINT('',(-0.00025,-0.00741807592177848,0.019));
#3931=CARTESIAN_POINT('',(-0.0017735090000002,-0.00741807592177848,0.019));
#3932=CARTESIAN_POINT('',(-0.0017735090000002,-0.00741807592177848,0.019));
#3933=CARTESIAN_POINT('',(0.0121964909999998,0.,0.019));
#3934=CARTESIAN_POINT('',(0.0121964909999998,0.,0.016));
#3935=CARTESIAN_POINT('',(0.0121964909999998,-0.0213880759217785,0.016));
#3936=CARTESIAN_POINT('',(0.0121964909999998,-0.0213880759217785,0.019));
#3937=CARTESIAN_POINT('',(0.0121964909999998,-0.0213880759217785,0.019));
#3938=CARTESIAN_POINT('',(0.0121964909999998,0.,0.019));
#3939=CARTESIAN_POINT('',(-0.00025,-0.0213880759217785,0.019));
#3940=CARTESIAN_POINT('',(-0.00025,-0.0213880759217785,0.016));
#3941=CARTESIAN_POINT('',(-0.0017735090000002,-0.0213880759217785,0.016));
#3942=CARTESIAN_POINT('',(-0.0017735090000002,-0.0213880759217785,0.019));
#3943=CARTESIAN_POINT('',(-0.0017735090000002,-0.0213880759217785,0.019));
#3944=CARTESIAN_POINT('',(-0.00025,-0.0213880759217785,0.019));
#3945=CARTESIAN_POINT('',(-0.00025,0.0115819240782215,0.019));
#3946=CARTESIAN_POINT('',(-0.00025,0.0115819240782215,0.016));
#3947=CARTESIAN_POINT('',(0.0121564909999998,0.0115819240782215,0.016));
#3948=CARTESIAN_POINT('',(-0.00181350900000019,0.0115819240782215,0.016));
#3949=CARTESIAN_POINT('',(0.0121564909999998,0.0115819240782215,0.019));
#3950=CARTESIAN_POINT('',(0.0121564909999998,0.0115819240782215,0.019));
#3951=CARTESIAN_POINT('',(-0.00025,0.0115819240782215,0.019));
#3952=CARTESIAN_POINT('',(-0.00181350900000019,0.0115819240782215,0.019));
#3953=CARTESIAN_POINT('',(-0.00181350900000019,0.0115819240782215,0.019));
#3954=CARTESIAN_POINT('',(0.0121564909999998,0.,0.019));
#3955=CARTESIAN_POINT('',(0.0121564909999998,0.,0.016));
#3956=CARTESIAN_POINT('',(0.0121564909999998,-0.00238807592177849,0.016));
#3957=CARTESIAN_POINT('',(0.0121564909999998,-0.00238807592177849,0.019));
#3958=CARTESIAN_POINT('',(0.0121564909999998,-0.00238807592177849,0.019));
#3959=CARTESIAN_POINT('',(0.0121564909999998,0.,0.019));
#3960=CARTESIAN_POINT('',(-0.00025,-0.00238807592177849,0.019));
#3961=CARTESIAN_POINT('',(-0.00025,-0.00238807592177849,0.016));
#3962=CARTESIAN_POINT('',(-0.00181350900000019,-0.00238807592177849,0.016));
#3963=CARTESIAN_POINT('',(-0.00181350900000019,-0.00238807592177849,0.019));
#3964=CARTESIAN_POINT('',(-0.00181350900000019,-0.00238807592177849,0.019));
#3965=CARTESIAN_POINT('',(-0.00025,-0.00238807592177849,0.019));
#3966=CARTESIAN_POINT('',(-0.00025,0.0115819240782215,0.019));
#3967=CARTESIAN_POINT('',(-0.00025,0.0115819240782215,0.016));
#3968=CARTESIAN_POINT('',(0.0312364909999998,0.0115819240782215,0.016));
#3969=CARTESIAN_POINT('',(0.0172664909999998,0.0115819240782215,0.016));
#3970=CARTESIAN_POINT('',(0.0312364909999998,0.0115819240782215,0.019));
#3971=CARTESIAN_POINT('',(0.0312364909999998,0.0115819240782215,0.019));
#3972=CARTESIAN_POINT('',(-0.00025,0.0115819240782215,0.019));
#3973=CARTESIAN_POINT('',(0.0172664909999998,0.0115819240782215,0.019));
#3974=CARTESIAN_POINT('',(0.0172664909999998,0.0115819240782215,0.019));
#3975=CARTESIAN_POINT('',(0.0312364909999998,0.,0.019));
#3976=CARTESIAN_POINT('',(0.0312364909999998,0.,0.016));
#3977=CARTESIAN_POINT('',(0.0312364909999998,-0.00238807592177849,0.016));
#3978=CARTESIAN_POINT('',(0.0312364909999998,-0.00238807592177849,0.019));
#3979=CARTESIAN_POINT('',(0.0312364909999998,-0.00238807592177849,0.019));
#3980=CARTESIAN_POINT('',(0.0312364909999998,0.,0.019));
#3981=CARTESIAN_POINT('',(-0.00025,-0.00238807592177849,0.019));
#3982=CARTESIAN_POINT('',(-0.00025,-0.00238807592177849,0.016));
#3983=CARTESIAN_POINT('',(0.0172664909999998,-0.00238807592177849,0.016));
#3984=CARTESIAN_POINT('',(0.0172664909999998,-0.00238807592177849,0.019));
#3985=CARTESIAN_POINT('',(0.0172664909999998,-0.00238807592177849,0.019));
#3986=CARTESIAN_POINT('',(-0.00025,-0.00238807592177849,0.019));
#3987=CARTESIAN_POINT('',(-0.00025,-0.00741807592177848,0.019));
#3988=CARTESIAN_POINT('',(-0.00025,-0.00741807592177848,0.016));
#3989=CARTESIAN_POINT('',(-0.0176035090000002,-0.00741807592177848,0.016));
#3990=CARTESIAN_POINT('',(-0.0315735090000002,-0.00741807592177848,0.016));
#3991=CARTESIAN_POINT('',(-0.0176035090000002,-0.00741807592177848,0.019));
#3992=CARTESIAN_POINT('',(-0.0176035090000002,-0.00741807592177848,0.019));
#3993=CARTESIAN_POINT('',(-0.00025,-0.00741807592177848,0.019));
#3994=CARTESIAN_POINT('',(-0.0315735090000002,-0.00741807592177848,0.019));
#3995=CARTESIAN_POINT('',(-0.0315735090000002,-0.00741807592177848,0.019));
#3996=CARTESIAN_POINT('',(-0.0176035090000002,0.,0.019));
#3997=CARTESIAN_POINT('',(-0.0176035090000002,0.,0.016));
#3998=CARTESIAN_POINT('',(-0.0176035090000002,-0.0213880759217785,0.016));
#3999=CARTESIAN_POINT('',(-0.0176035090000002,-0.0213880759217785,0.019));
#4000=CARTESIAN_POINT('',(-0.0176035090000002,-0.0213880759217785,0.019));
#4001=CARTESIAN_POINT('',(-0.0176035090000002,0.,0.019));
#4002=CARTESIAN_POINT('',(-0.00025,-0.0213880759217785,0.019));
#4003=CARTESIAN_POINT('',(-0.00025,-0.0213880759217785,0.016));
#4004=CARTESIAN_POINT('',(-0.0315735090000002,-0.0213880759217785,0.016));
#4005=CARTESIAN_POINT('',(-0.0315735090000002,-0.0213880759217785,0.019));
#4006=CARTESIAN_POINT('',(-0.0315735090000002,-0.0213880759217785,0.019));
#4007=CARTESIAN_POINT('',(-0.00025,-0.0213880759217785,0.019));
#4008=CARTESIAN_POINT('',(-0.00025,0.0115819240782215,0.019));
#4009=CARTESIAN_POINT('',(-0.00025,0.0115819240782215,0.016));
#4010=CARTESIAN_POINT('',(-0.0176035090000002,0.0115819240782215,0.016));
#4011=CARTESIAN_POINT('',(-0.0315735090000002,0.0115819240782215,0.016));
#4012=CARTESIAN_POINT('',(-0.0176035090000002,0.0115819240782215,0.019));
#4013=CARTESIAN_POINT('',(-0.0176035090000002,0.0115819240782215,0.019));
#4014=CARTESIAN_POINT('',(-0.00025,0.0115819240782215,0.019));
#4015=CARTESIAN_POINT('',(-0.0315735090000002,0.0115819240782215,0.019));
#4016=CARTESIAN_POINT('',(-0.0315735090000002,0.0115819240782215,0.019));
#4017=CARTESIAN_POINT('',(-0.0176035090000002,0.,0.019));
#4018=CARTESIAN_POINT('',(-0.0176035090000002,0.,0.016));
#4019=CARTESIAN_POINT('',(-0.0176035090000002,-0.00238807592177849,0.016));
#4020=CARTESIAN_POINT('',(-0.0176035090000002,-0.00238807592177849,0.019));
#4021=CARTESIAN_POINT('',(-0.0176035090000002,-0.00238807592177849,0.019));
#4022=CARTESIAN_POINT('',(-0.0176035090000002,0.,0.019));
#4023=CARTESIAN_POINT('',(-0.00025,-0.00238807592177849,0.019));
#4024=CARTESIAN_POINT('',(-0.00025,-0.00238807592177849,0.016));
#4025=CARTESIAN_POINT('',(-0.0315735090000002,-0.00238807592177849,0.016));
#4026=CARTESIAN_POINT('',(-0.0315735090000002,-0.00238807592177849,0.019));
#4027=CARTESIAN_POINT('',(-0.0315735090000002,-0.00238807592177849,0.019));
#4028=CARTESIAN_POINT('',(-0.00025,-0.00238807592177849,0.019));
#4029=CARTESIAN_POINT('',(-0.00025,0.0299969240782216,0.019));
#4030=CARTESIAN_POINT('',(-0.00025,0.0299969240782216,0.016));
#4031=CARTESIAN_POINT('',(-0.0180685090000002,0.0299969240782216,0.016));
#4032=CARTESIAN_POINT('',(-0.0302685090000002,0.0299969240782216,0.016));
#4033=CARTESIAN_POINT('',(-0.0180685090000002,0.0299969240782216,0.019));
#4034=CARTESIAN_POINT('',(-0.0180685090000002,0.0299969240782216,0.019));
#4035=CARTESIAN_POINT('',(-0.00025,0.0299969240782216,0.019));
#4036=CARTESIAN_POINT('',(-0.0302685090000002,0.0299969240782216,0.019));
#4037=CARTESIAN_POINT('',(-0.0302685090000002,0.0299969240782216,0.019));
#4038=CARTESIAN_POINT('',(-0.0180685090000002,0.,0.019));
#4039=CARTESIAN_POINT('',(-0.0180685090000002,0.,0.016));
#4040=CARTESIAN_POINT('',(-0.0180685090000002,0.0181969240782215,0.016));
#4041=CARTESIAN_POINT('',(-0.0180685090000002,0.0181969240782215,0.019));
#4042=CARTESIAN_POINT('',(-0.0180685090000002,0.0181969240782215,0.019));
#4043=CARTESIAN_POINT('',(-0.0180685090000002,0.,0.019));
#4044=CARTESIAN_POINT('',(-0.00025,0.0181969240782215,0.019));
#4045=CARTESIAN_POINT('',(-0.00025,0.0181969240782215,0.016));
#4046=CARTESIAN_POINT('',(-0.0302685090000002,0.0181969240782215,0.016));
#4047=CARTESIAN_POINT('',(-0.0302685090000002,0.0181969240782215,0.019));
#4048=CARTESIAN_POINT('',(-0.0302685090000002,0.0181969240782215,0.019));
#4049=CARTESIAN_POINT('',(-0.00025,0.0181969240782215,0.019));
#4050=CARTESIAN_POINT('',(-0.00025,-0.0265660759217785,0.019));
#4051=CARTESIAN_POINT('',(-0.00025,-0.0265660759217785,0.016));
#4052=CARTESIAN_POINT('',(0.0313164909999998,-0.0265660759217785,0.016));
#4053=CARTESIAN_POINT('',(0.0173464909999998,-0.0265660759217785,0.016));
#4054=CARTESIAN_POINT('',(0.0313164909999998,-0.0265660759217785,0.019));
#4055=CARTESIAN_POINT('',(0.0313164909999998,-0.0265660759217785,0.019));
#4056=CARTESIAN_POINT('',(-0.00025,-0.0265660759217785,0.019));
#4057=CARTESIAN_POINT('',(0.0173464909999998,-0.0265660759217785,0.019));
#4058=CARTESIAN_POINT('',(0.0173464909999998,-0.0265660759217785,0.019));
#4059=CARTESIAN_POINT('',(0.0313164909999998,0.,0.019));
#4060=CARTESIAN_POINT('',(0.0313164909999998,0.,0.016));
#4061=CARTESIAN_POINT('',(0.0313164909999998,-0.0405360759217785,0.016));
#4062=CARTESIAN_POINT('',(0.0313164909999998,-0.0405360759217785,0.019));
#4063=CARTESIAN_POINT('',(0.0313164909999998,-0.0405360759217785,0.019));
#4064=CARTESIAN_POINT('',(0.0313164909999998,0.,0.019));
#4065=CARTESIAN_POINT('',(-0.00025,-0.0405360759217785,0.019));
#4066=CARTESIAN_POINT('',(-0.00025,-0.0405360759217785,0.016));
#4067=CARTESIAN_POINT('',(0.0173464909999999,-0.0405360759217785,0.016));
#4068=CARTESIAN_POINT('',(0.0173464909999999,-0.0405360759217785,0.019));
#4069=CARTESIAN_POINT('',(0.0173464909999999,-0.0405360759217785,0.019));
#4070=CARTESIAN_POINT('',(-0.00025,-0.0405360759217785,0.019));
#4071=CARTESIAN_POINT('',(0.0010534909999998,0.0311394240782215,0.019));
#4072=CARTESIAN_POINT('',(0.0010534909999998,0.0311394240782215,0.016));
#4073=CARTESIAN_POINT('',(0.0010534909999998,0.0394519240782215,0.016));
#4074=CARTESIAN_POINT('',(0.0010534909999998,0.0228269240782215,0.016));
#4075=CARTESIAN_POINT('',(0.0010534909999998,0.0394519240782215,0.019));
#4076=CARTESIAN_POINT('',(0.0010534909999998,0.0394519240782215,0.019));
#4077=CARTESIAN_POINT('',(0.0010534909999998,0.0311394240782215,0.019));
#4078=CARTESIAN_POINT('',(0.0010534909999998,0.0228269240782215,0.019));
#4079=CARTESIAN_POINT('',(0.0010534909999998,0.0228269240782215,0.019));
#4080=CARTESIAN_POINT('',(0.0142734909999998,0.0394519240782215,0.019));
#4081=CARTESIAN_POINT('',(0.0142734909999998,0.0394519240782215,0.016));
#4082=CARTESIAN_POINT('',(0.0274934909999998,0.0394519240782215,0.016));
#4083=CARTESIAN_POINT('',(0.0274934909999998,0.0394519240782215,0.019));
#4084=CARTESIAN_POINT('',(0.0274934909999998,0.0394519240782215,0.019));
#4085=CARTESIAN_POINT('',(0.0142734909999998,0.0394519240782215,0.019));
#4086=CARTESIAN_POINT('',(0.0274934909999998,0.,0.019));
#4087=CARTESIAN_POINT('',(0.0274934909999998,0.,0.016));
#4088=CARTESIAN_POINT('',(0.0274934909999998,0.0228269240782215,0.016));
#4089=CARTESIAN_POINT('',(0.0274934909999998,0.0228269240782215,0.019));
#4090=CARTESIAN_POINT('',(0.0274934909999998,0.0228269240782215,0.019));
#4091=CARTESIAN_POINT('',(0.0274934909999998,0.,0.019));
#4092=CARTESIAN_POINT('',(0.0173464909999998,0.,0.019));
#4093=CARTESIAN_POINT('',(0.0173464909999998,0.,0.016));
#4094=CARTESIAN_POINT('',(0.0173464909999998,0.,0.019));
#4095=CARTESIAN_POINT('',(-0.0017735090000002,0.,0.019));
#4096=CARTESIAN_POINT('',(-0.0017735090000002,0.,0.016));
#4097=CARTESIAN_POINT('',(-0.0017735090000002,0.,0.019));
#4098=CARTESIAN_POINT('',(-0.00181350900000019,0.,0.019));
#4099=CARTESIAN_POINT('',(-0.00181350900000019,0.,0.016));
#4100=CARTESIAN_POINT('',(-0.00181350900000019,0.,0.019));
#4101=CARTESIAN_POINT('',(0.0172664909999998,0.,0.019));
#4102=CARTESIAN_POINT('',(0.0172664909999998,0.,0.016));
#4103=CARTESIAN_POINT('',(0.0172664909999998,0.,0.019));
#4104=CARTESIAN_POINT('',(-0.0315735090000002,0.,0.019));
#4105=CARTESIAN_POINT('',(-0.0315735090000002,0.,0.016));
#4106=CARTESIAN_POINT('',(-0.0315735090000002,0.,0.019));
#4107=CARTESIAN_POINT('',(-0.0315735090000002,0.,0.019));
#4108=CARTESIAN_POINT('',(-0.0315735090000002,0.,0.016));
#4109=CARTESIAN_POINT('',(-0.0315735090000002,0.,0.019));
#4110=CARTESIAN_POINT('',(-0.0302685090000002,0.,0.019));
#4111=CARTESIAN_POINT('',(-0.0302685090000002,0.,0.016));
#4112=CARTESIAN_POINT('',(-0.0302685090000002,0.,0.019));
#4113=CARTESIAN_POINT('',(0.0173464909999998,0.,0.019));
#4114=CARTESIAN_POINT('',(0.0173464909999998,0.,0.016));
#4115=CARTESIAN_POINT('',(0.0173464909999998,0.,0.019));
#4116=CARTESIAN_POINT('',(0.0142734909999998,0.0228269240782215,0.019));
#4117=CARTESIAN_POINT('',(0.0142734909999998,0.0228269240782215,0.016));
#4118=CARTESIAN_POINT('',(0.0142734909999998,0.0228269240782215,0.019));
#4119=CARTESIAN_POINT('',(-0.0455,0.0575,0.019));
#4120=CARTESIAN_POINT('',(-0.0455,0.0575,0.016));
#4121=CARTESIAN_POINT('',(-0.0425,0.0575,0.016));
#4122=CARTESIAN_POINT('',(0.0425,0.0575,0.016));
#4123=CARTESIAN_POINT('',(-0.0425,0.0575,0.019));
#4124=CARTESIAN_POINT('',(-0.0425,0.0575,0.019));
#4125=CARTESIAN_POINT('',(-0.0455,0.0575,0.019));
#4126=CARTESIAN_POINT('',(0.0425,0.0575,0.019));
#4127=CARTESIAN_POINT('',(0.0425,0.0575,0.019));
#4128=CARTESIAN_POINT('',(0.,0.,0.019));
#4129=CARTESIAN_POINT('',(-0.0425,0.0525,0.019));
#4130=CARTESIAN_POINT('',(-0.0425,-0.0525,0.019));
#4131=CARTESIAN_POINT('',(0.0425,-0.0525,0.019));
#4132=CARTESIAN_POINT('',(0.0425,0.0525,0.019));
#4133=CARTESIAN_POINT('',(0.,0.,0.016));
#4134=CARTESIAN_POINT('',(-0.0425,0.0525,0.016));
#4135=CARTESIAN_POINT('',(0.0425,0.0525,0.016));
#4136=CARTESIAN_POINT('',(0.0425,-0.0525,0.016));
#4137=CARTESIAN_POINT('',(-0.0425,-0.0525,0.016));
#4138=CARTESIAN_POINT('',(-0.0425,0.0525,0.019));
#4139=CARTESIAN_POINT('',(0.0425,0.0525,0.019));
#4140=CARTESIAN_POINT('',(0.0425,-0.0525,0.019));
#4141=CARTESIAN_POINT('',(-0.0425,-0.0525,0.019));
#4142=MECHANICAL_DESIGN_GEOMETRIC_PRESENTATION_REPRESENTATION('',(#2569),
#4145);
#4143=MECHANICAL_DESIGN_GEOMETRIC_PRESENTATION_REPRESENTATION('',(#2570),
#4146);
#4144=MECHANICAL_DESIGN_GEOMETRIC_PRESENTATION_REPRESENTATION('',(#2571),
#4147);
#4145=(
GEOMETRIC_REPRESENTATION_CONTEXT(3)
GLOBAL_UNCERTAINTY_ASSIGNED_CONTEXT((#4148))
GLOBAL_UNIT_ASSIGNED_CONTEXT((#4157,#4154,#4151))
REPRESENTATION_CONTEXT('Part 2','TOP_LEVEL_ASSEMBLY_PART')
);
#4146=(
GEOMETRIC_REPRESENTATION_CONTEXT(3)
GLOBAL_UNCERTAINTY_ASSIGNED_CONTEXT((#4149))
GLOBAL_UNIT_ASSIGNED_CONTEXT((#4158,#4155,#4152))
REPRESENTATION_CONTEXT('Part 1','TOP_LEVEL_ASSEMBLY_PART')
);
#4147=(
GEOMETRIC_REPRESENTATION_CONTEXT(3)
GLOBAL_UNCERTAINTY_ASSIGNED_CONTEXT((#4150))
GLOBAL_UNIT_ASSIGNED_CONTEXT((#4159,#4156,#4153))
REPRESENTATION_CONTEXT('Part 3','TOP_LEVEL_ASSEMBLY_PART')
);
#4148=UNCERTAINTY_MEASURE_WITH_UNIT(LENGTH_MEASURE(5.E-6),#4157,
'DISTANCE_ACCURACY_VALUE','Maximum Tolerance applied to model');
#4149=UNCERTAINTY_MEASURE_WITH_UNIT(LENGTH_MEASURE(5.E-6),#4158,
'DISTANCE_ACCURACY_VALUE','Maximum Tolerance applied to model');
#4150=UNCERTAINTY_MEASURE_WITH_UNIT(LENGTH_MEASURE(5.E-6),#4159,
'DISTANCE_ACCURACY_VALUE','Maximum Tolerance applied to model');
#4151=(
NAMED_UNIT(*)
SI_UNIT($,.STERADIAN.)
SOLID_ANGLE_UNIT()
);
#4152=(
NAMED_UNIT(*)
SI_UNIT($,.STERADIAN.)
SOLID_ANGLE_UNIT()
);
#4153=(
NAMED_UNIT(*)
SI_UNIT($,.STERADIAN.)
SOLID_ANGLE_UNIT()
);
#4154=(
NAMED_UNIT(*)
PLANE_ANGLE_UNIT()
SI_UNIT($,.RADIAN.)
);
#4155=(
NAMED_UNIT(*)
PLANE_ANGLE_UNIT()
SI_UNIT($,.RADIAN.)
);
#4156=(
NAMED_UNIT(*)
PLANE_ANGLE_UNIT()
SI_UNIT($,.RADIAN.)
);
#4157=(
LENGTH_UNIT()
NAMED_UNIT(*)
SI_UNIT($,.METRE.)
);
#4158=(
LENGTH_UNIT()
NAMED_UNIT(*)
SI_UNIT($,.METRE.)
);
#4159=(
LENGTH_UNIT()
NAMED_UNIT(*)
SI_UNIT($,.METRE.)
);
#4160=PRODUCT_DEFINITION_SHAPE('','',#4163);
#4161=PRODUCT_DEFINITION_SHAPE('','',#4164);
#4162=PRODUCT_DEFINITION_SHAPE('','',#4165);
#4163=PRODUCT_DEFINITION('','',#4169,#4166);
#4164=PRODUCT_DEFINITION('','',#4170,#4167);
#4165=PRODUCT_DEFINITION('','',#4171,#4168);
#4166=PRODUCT_DEFINITION_CONTEXT('',#4187,'design');
#4167=PRODUCT_DEFINITION_CONTEXT('',#4188,'design');
#4168=PRODUCT_DEFINITION_CONTEXT('',#4189,'design');
#4169=PRODUCT_DEFINITION_FORMATION_WITH_SPECIFIED_SOURCE('','',#4175,
 .NOT_KNOWN.);
#4170=PRODUCT_DEFINITION_FORMATION_WITH_SPECIFIED_SOURCE('','',#4176,
 .NOT_KNOWN.);
#4171=PRODUCT_DEFINITION_FORMATION_WITH_SPECIFIED_SOURCE('','',#4177,
 .NOT_KNOWN.);
#4172=PRODUCT_RELATED_PRODUCT_CATEGORY('','',(#4175));
#4173=PRODUCT_RELATED_PRODUCT_CATEGORY('','',(#4176));
#4174=PRODUCT_RELATED_PRODUCT_CATEGORY('','',(#4177));
#4175=PRODUCT('Part 2','Part 2','Part 2',(#4181));
#4176=PRODUCT('Part 1','Part 1','Part 1',(#4182));
#4177=PRODUCT('Part 3','Part 3','Part 3',(#4183));
#4178=PRODUCT_CATEGORY('','');
#4179=PRODUCT_CATEGORY('','');
#4180=PRODUCT_CATEGORY('','');
#4181=PRODUCT_CONTEXT('',#4187,'mechanical');
#4182=PRODUCT_CONTEXT('',#4188,'mechanical');
#4183=PRODUCT_CONTEXT('',#4189,'mechanical');
#4184=APPLICATION_PROTOCOL_DEFINITION('international standard',
'ap242_managed_model_based_3d_engineering',2011,#4187);
#4185=APPLICATION_PROTOCOL_DEFINITION('international standard',
'ap242_managed_model_based_3d_engineering',2011,#4188);
#4186=APPLICATION_PROTOCOL_DEFINITION('international standard',
'ap242_managed_model_based_3d_engineering',2011,#4189);
#4187=APPLICATION_CONTEXT('managed model based 3d engineering');
#4188=APPLICATION_CONTEXT('managed model based 3d engineering');
#4189=APPLICATION_CONTEXT('managed model based 3d engineering');
ENDSEC;
END-ISO-10303-21;
